name,survived,pclass,sex,age,sibsp,parch,fare,embarked,class,who,adult_male,deck,embark_town,alive,alone
"Kelly, Mr. Patrick",0,3,male,22.0,1,0,7.25,S,Third,man,True,,Southampton,no,False
"Carter, Miss. Sarah",1,1,female,38.0,1,0,71.2833,C,First,woman,False,C,Cherbourg,yes,False
"Fitzgerald, Miss. Hannah",1,3,female,26.0,0,0,7.925,S,Third,woman,False,,Southampton,yes,True
"Harris, Miss. Florence",1,1,female,35.0,1,0,53.1,S,First,woman,False,C,Southampton,yes,False
"White, Mr. Harold",0,3,male,35.0,0,0,8.05,S,Third,man,True,,Southampton,no,True
"Andrews, Mr. Harold",0,3,male,,0,0,8.4583,Q,Third,man,True,,Queenstown,no,True
"Harris, Mr. Robert",0,1,male,54.0,0,0,51.8625,S,First,man,True,E,Southampton,no,True
"Nelson, Master. Charles",0,3,male,2.0,3,1,21.075,S,Third,child,False,,Southampton,no,False
"Andrews, Mrs. Alice",1,3,female,27.0,0,2,11.1333,S,Third,woman,False,,Southampton,yes,False
"Davis, Miss. Emily",1,2,female,14.0,1,0,30.0708,C,Second,child,False,,Cherbourg,yes,False
"Gordon, Miss. Hannah",1,3,female,4.0,1,1,16.7,S,Third,child,False,G,Southampton,yes,False
"Thompson, Miss. Mary",1,1,female,58.0,0,0,26.55,S,First,woman,False,C,Southampton,yes,True
"Jones, Mr. Joseph",0,3,male,20.0,0,0,8.05,S,Third,man,True,,Southampton,no,True
"Quinn, Mr. John",0,3,male,39.0,1,5,31.275,S,Third,man,True,,Southampton,no,False
"Jones, Miss. Florence",0,3,female,14.0,0,0,7.8542,S,Third,child,False,,Southampton,no,True
"Fitzgerald, Miss. Helen",1,2,female,55.0,0,0,16.0,S,Second,woman,False,,Southampton,yes,True
"Gordon, Master. Harold",0,3,male,2.0,4,1,29.125,Q,Third,child,False,,Queenstown,no,False
"Nelson, Mr. William",1,2,male,,0,0,13.0,S,Second,man,True,,Southampton,yes,True
"Harris, Miss. Margaret",0,3,female,31.0,1,0,18.0,S,Third,woman,False,,Southampton,no,False
"Clark, Miss. Emily",1,3,female,,0,0,7.225,C,Third,woman,False,,Cherbourg,yes,True
"Andrews, Mr. Samuel",0,2,male,35.0,0,0,26.0,S,Second,man,True,,Southampton,no,True
"Gordon, Mr. Patrick",1,2,male,34.0,0,0,13.0,S,Second,man,True,D,Southampton,yes,True
"Taylor, Miss. Alice",1,3,female,15.0,0,0,8.0292,Q,Third,child,False,,Queenstown,yes,True
"Roberts, Mr. Frank",1,1,male,28.0,0,0,35.5,S,First,man,True,A,Southampton,yes,True
"Allen, Miss. Margaret",0,3,female,8.0,3,1,21.075,S,Third,child,False,,Southampton,no,False
"Bird, Mrs. Emily",1,3,female,38.0,1,5,31.3875,S,Third,woman,False,,Southampton,yes,False
"Taylor, Mr. Harold",0,3,male,,0,0,7.225,C,Third,man,True,,Cherbourg,no,True
"Roberts, Mr. Thomas",0,1,male,19.0,3,2,263.0,S,First,man,True,C,Southampton,no,False
"Brown, Miss. Edith",1,3,female,,0,0,7.8792,Q,Third,woman,False,,Queenstown,yes,True
"Taylor, Mr. George",0,3,male,,0,0,7.8958,S,Third,man,True,,Southampton,no,True
"Carter, Mr. Henry",0,1,male,40.0,0,0,27.7208,C,First,man,True,,Cherbourg,no,True
"Quinn, Miss. Ruth",1,1,female,,1,0,146.5208,C,First,woman,False,B,Cherbourg,yes,False
"Young, Miss. Sarah",1,3,female,,0,0,7.75,Q,Third,woman,False,,Queenstown,yes,True
"Stewart, Mr. Edward",0,2,male,66.0,0,0,10.5,S,Second,man,True,,Southampton,no,True
"Brown, Mr. Samuel",0,1,male,28.0,1,0,82.1708,C,First,man,True,,Cherbourg,no,False
"Gordon, Mr. Patrick",0,1,male,42.0,1,0,52.0,S,First,man,True,,Southampton,no,False
"Carter, Mr. James",1,3,male,,0,0,7.2292,C,Third,man,True,,Cherbourg,yes,True
"Nelson, Mr. Joseph",0,3,male,21.0,0,0,8.05,S,Third,man,True,,Southampton,no,True
"Brown, Miss. Sarah",0,3,female,18.0,2,0,18.0,S,Third,woman,False,,Southampton,no,False
"Gordon, Miss. Edith",1,3,female,14.0,1,0,11.2417,C,Third,child,False,,Cherbourg,yes,False
"Davies, Miss. Sarah",0,3,female,40.0,1,0,9.475,S,Third,woman,False,,Southampton,no,False
"Smith, Miss. Margaret",0,2,female,27.0,1,0,21.0,S,Second,woman,False,,Southampton,no,False
"Davies, Mr. George",0,3,male,,0,0,7.8958,C,Third,man,True,,Cherbourg,no,True
"Bird, Miss. Mary",1,2,female,3.0,1,2,41.5792,C,Second,child,False,,Cherbourg,yes,False
"Stewart, Miss. Margaret",1,3,female,19.0,0,0,7.8792,Q,Third,woman,False,,Queenstown,yes,True
"Jones, Mr. Harold",0,3,male,,0,0,8.05,S,Third,man,True,,Southampton,no,True
"Clark, Mr. Henry",0,3,male,,1,0,15.5,Q,Third,man,True,,Queenstown,no,False
"Evans, Miss. Catherine",1,3,female,,0,0,7.75,Q,Third,woman,False,,Queenstown,yes,True
"Smith, Mr. George",0,3,male,,2,0,21.6792,C,Third,man,True,,Cherbourg,no,False
"Harris, Miss. Hannah",0,3,female,18.0,1,0,17.8,S,Third,woman,False,,Southampton,no,False
"O'Brien, Master. John",0,3,male,7.0,4,1,39.6875,S,Third,child,False,,Southampton,no,False
"Thompson, Mr. Henry",0,3,male,21.0,0,0,7.8,S,Third,man,True,,Southampton,no,True
"Taylor, Miss. Bridget",1,1,female,49.0,1,0,76.7292,C,First,woman,False,D,Cherbourg,yes,False
"Thompson, Miss. Hannah",1,2,female,29.0,1,0,26.0,S,Second,woman,False,,Southampton,yes,False
"Nelson, Mr. Henry",0,1,male,65.0,0,1,61.9792,C,First,man,True,B,Cherbourg,no,False
"Lewis, Mr. Samuel",1,1,male,,0,0,35.5,S,First,man,True,C,Southampton,yes,True
"Taylor, Miss. Alice",1,2,female,21.0,0,0,10.5,S,Second,woman,False,,Southampton,yes,True
"Nelson, Mr. Frank",0,3,male,28.5,0,0,7.2292,C,Third,man,True,,Cherbourg,no,True
"Andrews, Miss. Mary",1,2,female,5.0,1,2,27.75,S,Second,child,False,,Southampton,yes,False
"Phillips, Master. Walter",0,3,male,11.0,5,2,46.9,S,Third,child,False,,Southampton,no,False
"Lewis, Mr. William",0,3,male,22.0,0,0,7.2292,C,Third,man,True,,Cherbourg,no,True
"Andrews, Miss. Elizabeth",1,1,female,38.0,0,0,80.0,,First,woman,False,B,,yes,True
"Quinn, Mr. Thomas",0,1,male,45.0,1,0,83.475,S,First,man,True,C,Southampton,no,False
"Kelly, Master. Charles",0,3,male,4.0,3,2,27.9,S,Third,child,False,,Southampton,no,False
"Bird, Mr. Frank",0,1,male,,0,0,27.7208,C,First,man,True,,Cherbourg,no,True
"Martin, Mr. Henry",1,3,male,,1,1,15.2458,C,Third,man,True,,Cherbourg,yes,False
"Stewart, Miss. Bridget",1,2,female,29.0,0,0,10.5,S,Second,woman,False,F,Southampton,yes,True
"Andrews, Mr. Henry",0,3,male,19.0,0,0,8.1583,S,Third,man,True,,Southampton,no,True
"Quinn, Mrs. Ruth",1,3,female,17.0,4,2,7.925,S,Third,woman,False,,Southampton,yes,False
"Walsh, Mr. Joseph",0,3,male,26.0,2,0,8.6625,S,Third,man,True,,Southampton,no,False
"Martin, Mr. Frank",0,2,male,32.0,0,0,10.5,S,Second,man,True,,Southampton,no,True
"Jones, Mrs. Hannah",0,3,female,16.0,5,2,46.9,S,Third,woman,False,,Southampton,no,False
"McCarthy, Mr. George",0,2,male,21.0,0,0,73.5,S,Second,man,True,,Southampton,no,True
"Walsh, Mr. James",0,3,male,26.0,1,0,14.4542,C,Third,man,True,,Cherbourg,no,False
"Wilson, Mr. Robert",1,3,male,32.0,0,0,56.4958,S,Third,man,True,,Southampton,yes,True
"McCarthy, Mr. John",0,3,male,25.0,0,0,7.65,S,Third,man,True,F,Southampton,no,True
"Brown, Mr. Edward",0,3,male,,0,0,7.8958,S,Third,man,True,,Southampton,no,True
"Young, Mr. Patrick",0,3,male,,0,0,8.05,S,Third,man,True,,Southampton,no,True
"Carter, Master. Frank",1,2,male,0.83,0,2,29.0,S,Second,child,False,,Southampton,yes,False
"Young, Miss. Hannah",1,3,female,30.0,0,0,12.475,S,Third,woman,False,,Southampton,yes,True
"Nelson, Mr. Walter",0,3,male,22.0,0,0,9.0,S,Third,man,True,,Southampton,no,True
"Andrews, Mr. William",1,3,male,29.0,0,0,9.5,S,Third,man,True,,Southampton,yes,True
"Andrews, Miss. Elizabeth",1,3,female,,0,0,7.7875,Q,Third,woman,False,,Queenstown,yes,True
"Quinn, Mr. Edward",0,1,male,28.0,0,0,47.1,S,First,man,True,,Southampton,no,True
"Harris, Miss. Anna",1,2,female,17.0,0,0,10.5,S,Second,woman,False,,Southampton,yes,True
"Harris, Miss. Mary",1,3,female,33.0,3,0,15.85,S,Third,woman,False,,Southampton,yes,False
"Stewart, Mr. John",0,3,male,16.0,1,3,34.375,S,Third,man,True,,Southampton,no,False
"Davies, Mr. Arthur",0,3,male,,0,0,8.05,S,Third,man,True,,Southampton,no,True
"McCarthy, Mrs. Mary",1,1,female,23.0,3,2,263.0,S,First,woman,False,C,Southampton,yes,False
"Roberts, Mr. Harold",0,3,male,24.0,0,0,8.05,S,Third,man,True,,Southampton,no,True
"Wilson, Mr. Arthur",0,3,male,29.0,0,0,8.05,S,Third,man,True,,Southampton,no,True
"Quinn, Mr. Harold",0,3,male,20.0,0,0,7.8542,S,Third,man,True,,Southampton,no,True
"White, Mr. Samuel",0,1,male,46.0,1,0,61.175,S,First,man,True,E,Southampton,no,False
"Carter, Mr. Joseph",0,3,male,26.0,1,2,20.575,S,Third,man,True,,Southampton,no,False
"Wilson, Mr. James",0,3,male,59.0,0,0,7.25,S,Third,man,True,,Southampton,no,True
"Walsh, Mr. Robert",0,3,male,,0,0,8.05,S,Third,man,True,,Southampton,no,True
"Stewart, Mr. Samuel",0,1,male,71.0,0,0,34.6542,C,First,man,True,A,Cherbourg,no,True
"White, Mr. George",1,1,male,23.0,0,1,63.3583,C,First,man,True,D,Cherbourg,yes,False
"White, Mrs. Bertha",1,2,female,34.0,0,1,23.0,S,Second,woman,False,,Southampton,yes,False
"Brown, Mr. George",0,2,male,34.0,1,0,26.0,S,Second,man,True,,Southampton,no,False
"Fitzgerald, Miss. Florence",0,3,female,28.0,0,0,7.8958,S,Third,woman,False,,Southampton,no,True
"Jones, Mr. William",0,3,male,,0,0,7.8958,S,Third,man,True,,Southampton,no,True
"Smith, Mr. George",0,1,male,21.0,0,1,77.2875,S,First,man,True,D,Southampton,no,False
"Evans, Mr. Robert",0,3,male,33.0,0,0,8.6542,S,Third,man,True,,Southampton,no,True
"Carter, Mr. William",0,3,male,37.0,2,0,7.925,S,Third,man,True,,Southampton,no,False
"Smith, Mr. Henry",0,3,male,28.0,0,0,7.8958,S,Third,man,True,,Southampton,no,True
"Martin, Miss. Bertha",1,3,female,21.0,0,0,7.65,S,Third,woman,False,,Southampton,yes,True
"O'Brien, Mr. Robert",1,3,male,,0,0,7.775,S,Third,man,True,,Southampton,yes,True
"Andrews, Mr. Edward",0,3,male,38.0,0,0,7.8958,S,Third,man,True,,Southampton,no,True
"Davies, Miss. Helen",1,3,female,,1,0,24.15,Q,Third,woman,False,,Queenstown,yes,False
"Smith, Mr. George",0,1,male,47.0,0,0,52.0,S,First,man,True,C,Southampton,no,True
"Stewart, Miss. Bridget",0,3,female,14.5,1,0,14.4542,C,Third,child,False,,Cherbourg,no,False
"Bird, Mr. Joseph",0,3,male,22.0,0,0,8.05,S,Third,man,True,,Southampton,no,True
"Carter, Miss. Bridget",0,3,female,20.0,1,0,9.825,S,Third,woman,False,,Southampton,no,False
"Harris, Miss. Margaret",0,3,female,17.0,0,0,14.4583,C,Third,woman,False,,Cherbourg,no,True
"Quinn, Mr. John",0,3,male,21.0,0,0,7.925,S,Third,man,True,,Southampton,no,True
"Taylor, Mr. Joseph",0,3,male,70.5,0,0,7.75,Q,Third,man,True,,Queenstown,no,True
"Martin, Mr. John",0,2,male,29.0,1,0,21.0,S,Second,man,True,,Southampton,no,False
"Smith, Mr. Patrick",0,1,male,24.0,0,1,247.5208,C,First,man,True,B,Cherbourg,no,False
"Allen, Miss. Elizabeth",0,3,female,2.0,4,2,31.275,S,Third,child,False,,Southampton,no,False
"Evans, Mr. John",0,2,male,21.0,2,0,73.5,S,Second,man,True,,Southampton,no,False
"Allen, Mr. Henry",0,3,male,,0,0,8.05,S,Third,man,True,,Southampton,no,True
"Nelson, Mr. Samuel",0,2,male,32.5,1,0,30.0708,C,Second,man,True,,Cherbourg,no,False
"Lewis, Miss. Emily",1,2,female,32.5,0,0,13.0,S,Second,woman,False,E,Southampton,yes,True
"Martin, Mr. Walter",0,1,male,54.0,0,1,77.2875,S,First,man,True,D,Southampton,no,False
"Clark, Master. Arthur",1,3,male,12.0,1,0,11.2417,C,Third,child,False,,Cherbourg,yes,False
"Davies, Mr. Patrick",0,3,male,,0,0,7.75,Q,Third,man,True,,Queenstown,no,True
"Gordon, Mr. Walter",1,3,male,24.0,0,0,7.1417,S,Third,man,True,,Southampton,yes,True
"Quinn, Mrs. Margaret",1,3,female,,1,1,22.3583,C,Third,woman,False,F,Cherbourg,yes,False
"Evans, Mr. Thomas",0,3,male,45.0,0,0,6.975,S,Third,man,True,,Southampton,no,True
"Thompson, Mr. Henry",0,3,male,33.0,0,0,7.8958,C,Third,man,True,,Cherbourg,no,True
"Roberts, Mr. Harold",0,3,male,20.0,0,0,7.05,S,Third,man,True,,Southampton,no,True
"Brown, Miss. Bertha",0,3,female,47.0,1,0,14.5,S,Third,woman,False,,Southampton,no,False
"Brown, Miss. Florence",1,2,female,29.0,1,0,26.0,S,Second,woman,False,,Southampton,yes,False
"Andrews, Mr. Frank",0,2,male,25.0,0,0,13.0,S,Second,man,True,,Southampton,no,True
"Wilson, Mr. Joseph",0,2,male,23.0,0,0,15.0458,C,Second,man,True,,Cherbourg,no,True
"Gordon, Mrs. Emily",1,1,female,19.0,0,2,26.2833,S,First,woman,False,D,Southampton,yes,False
"Davies, Mr. Arthur",0,1,male,37.0,1,0,53.1,S,First,man,True,C,Southampton,no,False
"White, Mr. Robert",0,3,male,16.0,0,0,9.2167,S,Third,man,True,,Southampton,no,True
"Bird, Mr. John",0,1,male,24.0,0,0,79.2,C,First,man,True,B,Cherbourg,no,True
"Fitzgerald, Mrs. Catherine",0,3,female,,0,2,15.2458,C,Third,woman,False,,Cherbourg,no,False
"Walsh, Miss. Anna",1,3,female,22.0,0,0,7.75,S,Third,woman,False,,Southampton,yes,True
"Taylor, Miss. Helen",1,3,female,24.0,1,0,15.85,S,Third,woman,False,,Southampton,yes,False
"Martin, Mr. Robert",0,3,male,19.0,0,0,6.75,Q,Third,man,True,,Queenstown,no,True
"Evans, Mr. Walter",0,2,male,18.0,0,0,11.5,S,Second,man,True,,Southampton,no,True
"Taylor, Mr. Henry",0,2,male,19.0,1,1,36.75,S,Second,man,True,,Southampton,no,False
"Wilson, Mr. James",1,3,male,27.0,0,0,7.7958,S,Third,man,True,,Southampton,yes,True
"Walsh, Miss. Florence",0,3,female,9.0,2,2,34.375,S,Third,child,False,,Southampton,no,False
"Roberts, Mr. George",0,2,male,36.5,0,2,26.0,S,Second,man,True,F,Southampton,no,False
"Phillips, Mr. Walter",0,2,male,42.0,0,0,13.0,S,Second,man,True,,Southampton,no,True
"Bird, Mr. Samuel",0,2,male,51.0,0,0,12.525,S,Second,man,True,,Southampton,no,True
"McCarthy, Miss. Bertha",1,1,female,22.0,1,0,66.6,S,First,woman,False,C,Southampton,yes,False
"Davis, Mr. Edward",0,3,male,55.5,0,0,8.05,S,Third,man,True,,Southampton,no,True
"Davis, Mr. John",0,3,male,40.5,0,2,14.5,S,Third,man,True,,Southampton,no,False
"Gordon, Mr. Henry",0,3,male,,0,0,7.3125,S,Third,man,True,,Southampton,no,True
"Stewart, Mr. Robert",0,1,male,51.0,0,1,61.3792,C,First,man,True,,Cherbourg,no,False
"Kelly, Miss. Bridget",1,3,female,16.0,0,0,7.7333,Q,Third,woman,False,,Queenstown,yes,True
"Fitzgerald, Mr. George",0,3,male,30.0,0,0,8.05,S,Third,man,True,,Southampton,no,True
"Clark, Mr. Harold",0,3,male,,0,0,8.6625,S,Third,man,True,,Southampton,no,True
"Jones, Mr. Patrick",0,3,male,,8,2,69.55,S,Third,man,True,,Southampton,no,False
"Fitzgerald, Mr. Samuel",0,3,male,44.0,0,1,16.1,S,Third,man,True,,Southampton,no,False
"Martin, Miss. Sarah",1,2,female,40.0,0,0,15.75,S,Second,woman,False,,Southampton,yes,True
"Wilson, Mr. Joseph",0,3,male,26.0,0,0,7.775,S,Third,man,True,,Southampton,no,True
"Brown, Mr. Harold",0,3,male,17.0,0,0,8.6625,S,Third,man,True,,Southampton,no,True
"McCarthy, Master. James",0,3,male,1.0,4,1,39.6875,S,Third,child,False,,Southampton,no,False
"Smith, Master. James",1,3,male,9.0,0,2,20.525,S,Third,child,False,,Southampton,yes,False
"Carter, Mrs. Edith",1,1,female,,0,1,55.0,S,First,woman,False,E,Southampton,yes,False
"Brown, Mrs. Bertha",0,3,female,45.0,1,4,27.9,S,Third,woman,False,,Southampton,no,False
"Taylor, Mr. Patrick",0,1,male,,0,0,25.925,S,First,man,True,,Southampton,no,True
"Andrews, Mr. William",0,3,male,28.0,0,0,56.4958,S,Third,man,True,,Southampton,no,True
"White, Mr. Edward",0,1,male,61.0,0,0,33.5,S,First,man,True,B,Southampton,no,True
"Clark, Master. John",0,3,male,4.0,4,1,29.125,Q,Third,child,False,,Queenstown,no,False
"White, Miss. Edith",1,3,female,1.0,1,1,11.1333,S,Third,child,False,,Southampton,yes,False
"Carter, Mr. Walter",0,3,male,21.0,0,0,7.925,S,Third,man,True,,Southampton,no,True
"Lewis, Mr. Henry",0,1,male,56.0,0,0,30.6958,C,First,man,True,A,Cherbourg,no,True
"Stewart, Mr. Charles",0,3,male,18.0,1,1,7.8542,S,Third,man,True,,Southampton,no,False
"Smith, Mr. Arthur",0,3,male,,3,1,25.4667,S,Third,man,True,,Southampton,no,False
"Phillips, Miss. Ruth",0,1,female,50.0,0,0,28.7125,C,First,woman,False,C,Cherbourg,no,True
"Walsh, Mr. Arthur",0,2,male,30.0,0,0,13.0,S,Second,man,True,,Southampton,no,True
"Thompson, Mr. George",0,3,male,36.0,0,0,0.0,S,Third,man,True,,Southampton,no,True
"Phillips, Mrs. Catherine",0,3,female,,8,2,69.55,S,Third,woman,False,,Southampton,no,False
"Clark, Mr. Robert",0,2,male,,0,0,15.05,C,Second,man,True,,Cherbourg,no,True
"Clark, Master. Harold",0,3,male,9.0,4,2,31.3875,S,Third,child,False,,Southampton,no,False
"Carter, Master. Walter",1,2,male,1.0,2,1,39.0,S,Second,child,False,F,Southampton,yes,False
"Martin, Miss. Alice",1,3,female,4.0,0,2,22.025,S,Third,child,False,,Southampton,yes,False
"Smith, Mr. William",0,1,male,,0,0,50.0,S,First,man,True,A,Southampton,no,True
"Lewis, Miss. Bridget",1,3,female,,1,0,15.5,Q,Third,woman,False,,Queenstown,yes,False
"Jones, Mr. Harold",1,1,male,45.0,0,0,26.55,S,First,man,True,,Southampton,yes,True
"Quinn, Mr. Samuel",0,3,male,40.0,1,1,15.5,Q,Third,man,True,,Queenstown,no,False
"Smith, Mr. Henry",0,3,male,36.0,0,0,7.8958,S,Third,man,True,,Southampton,no,True
"Martin, Miss. Bridget",1,2,female,32.0,0,0,13.0,S,Second,woman,False,,Southampton,yes,True
"Phillips, Mr. George",0,2,male,19.0,0,0,13.0,S,Second,man,True,,Southampton,no,True
"Allen, Miss. Ruth",1,3,female,19.0,1,0,7.8542,S,Third,woman,False,,Southampton,yes,False
"Martin, Master. Harold",1,2,male,3.0,1,1,26.0,S,Second,child,False,F,Southampton,yes,False
"Brown, Miss. Elizabeth",1,1,female,44.0,0,0,27.7208,C,First,woman,False,B,Cherbourg,yes,True
"Gordon, Miss. Margaret",1,1,female,58.0,0,0,146.5208,C,First,woman,False,B,Cherbourg,yes,True
"Davis, Mr. Thomas",0,3,male,,0,0,7.75,Q,Third,man,True,,Queenstown,no,True
"Phillips, Mr. Walter",0,3,male,42.0,0,1,8.4042,S,Third,man,True,,Southampton,no,False
"Evans, Miss. Edith",1,3,female,,0,0,7.75,Q,Third,woman,False,,Queenstown,yes,True
"Bird, Miss. Catherine",0,2,female,24.0,0,0,13.0,S,Second,woman,False,,Southampton,no,True
"White, Mr. Robert",0,3,male,28.0,0,0,9.5,S,Third,man,True,,Southampton,no,True
"Smith, Mr. Robert",0,3,male,,8,2,69.55,S,Third,man,True,,Southampton,no,False
"Roberts, Mr. Edward",0,3,male,34.0,0,0,6.4958,S,Third,man,True,,Southampton,no,True
"Kelly, Mr. Henry",0,3,male,45.5,0,0,7.225,C,Third,man,True,,Cherbourg,no,True
"Brown, Mr. Walter",1,3,male,18.0,0,0,8.05,S,Third,man,True,,Southampton,yes,True
"Allen, Miss. Alice",0,3,female,2.0,0,1,10.4625,S,Third,child,False,G,Southampton,no,False
"Taylor, Mr. James",0,3,male,32.0,1,0,15.85,S,Third,man,True,,Southampton,no,False
"Davies, Mr. James",1,3,male,26.0,0,0,18.7875,C,Third,man,True,,Cherbourg,yes,True
"Davies, Miss. Alice",1,3,female,16.0,0,0,7.75,Q,Third,woman,False,,Queenstown,yes,True
"Clark, Mr. John",1,1,male,40.0,0,0,31.0,C,First,man,True,A,Cherbourg,yes,True
"Harris, Mr. Edward",0,3,male,24.0,0,0,7.05,S,Third,man,True,,Southampton,no,True
"Davies, Miss. Catherine",1,2,female,35.0,0,0,21.0,S,Second,woman,False,,Southampton,yes,True
"McCarthy, Mr. Arthur",0,3,male,22.0,0,0,7.25,S,Third,man,True,,Southampton,no,True
"Jones, Mr. Charles",0,2,male,30.0,0,0,13.0,S,Second,man,True,,Southampton,no,True
"Taylor, Mr. William",0,3,male,,1,0,7.75,Q,Third,man,True,,Queenstown,no,False
"Davies, Miss. Bertha",1,1,female,31.0,1,0,113.275,C,First,woman,False,D,Cherbourg,yes,False
"O'Brien, Miss. Elizabeth",1,3,female,27.0,0,0,7.925,S,Third,woman,False,,Southampton,yes,True
"Quinn, Mr. Walter",0,2,male,42.0,1,0,27.0,S,Second,man,True,,Southampton,no,False
"Lewis, Miss. Catherine",1,1,female,32.0,0,0,76.2917,C,First,woman,False,D,Cherbourg,yes,True
"Brown, Mr. Walter",0,2,male,30.0,0,0,10.5,S,Second,man,True,,Southampton,no,True
"Roberts, Mr. Walter",1,3,male,16.0,0,0,8.05,S,Third,man,True,,Southampton,yes,True
"Kelly, Mr. Frank",0,2,male,27.0,0,0,13.0,S,Second,man,True,,Southampton,no,True
"Davies, Mr. Arthur",0,3,male,51.0,0,0,8.05,S,Third,man,True,,Southampton,no,True
"Phillips, Mr. Harold",0,3,male,,0,0,7.8958,S,Third,man,True,,Southampton,no,True
"Davis, Mr. Arthur",1,1,male,38.0,1,0,90.0,S,First,man,True,C,Southampton,yes,False
"Andrews, Mr. John",0,3,male,22.0,0,0,9.35,S,Third,man,True,,Southampton,no,True
"Smith, Mr. Samuel",1,2,male,19.0,0,0,10.5,S,Second,man,True,,Southampton,yes,True
"Smith, Mr. John",0,3,male,20.5,0,0,7.25,S,Third,man,True,,Southampton,no,True
"Carter, Mr. John",0,2,male,18.0,0,0,13.0,S,Second,man,True,,Southampton,no,True
"Thompson, Mrs. Hannah",0,3,female,,3,1,25.4667,S,Third,woman,False,,Southampton,no,False
"Smith, Miss. Mary",1,1,female,35.0,1,0,83.475,S,First,woman,False,C,Southampton,yes,False
"Young, Mr. John",0,3,male,29.0,0,0,7.775,S,Third,man,True,,Southampton,no,True
"Young, Mr. Henry",0,2,male,59.0,0,0,13.5,S,Second,man,True,,Southampton,no,True
"Evans, Miss. Ruth",1,3,female,5.0,4,2,31.3875,S,Third,child,False,,Southampton,yes,False
"Fitzgerald, Mr. Patrick",0,2,male,24.0,0,0,10.5,S,Second,man,True,,Southampton,no,True
"McCarthy, Miss. Emily",0,3,female,,0,0,7.55,S,Third,woman,False,,Southampton,no,True
"Brown, Mr. James",0,2,male,44.0,1,0,26.0,S,Second,man,True,,Southampton,no,False
"Kelly, Miss. Elizabeth",1,2,female,8.0,0,2,26.25,S,Second,child,False,,Southampton,yes,False
"Andrews, Mr. Harold",0,2,male,19.0,0,0,10.5,S,Second,man,True,,Southampton,no,True
"Fitzgerald, Mr. Arthur",0,2,male,33.0,0,0,12.275,S,Second,man,True,,Southampton,no,True
"Nelson, Miss. Alice",0,3,female,,1,0,14.4542,C,Third,woman,False,,Cherbourg,no,False
"Kelly, Miss. Emily",1,3,female,,1,0,15.5,Q,Third,woman,False,,Queenstown,yes,False
"Martin, Mr. Edward",0,2,male,29.0,0,0,10.5,S,Second,man,True,,Southampton,no,True
"Young, Mr. Robert",0,3,male,22.0,0,0,7.125,S,Third,man,True,,Southampton,no,True
"Harris, Mr. Samuel",0,3,male,30.0,0,0,7.225,C,Third,man,True,,Cherbourg,no,True
"Taylor, Mr. Joseph",0,1,male,44.0,2,0,90.0,Q,First,man,True,C,Queenstown,no,False
"Bird, Miss. Emily",0,3,female,25.0,0,0,7.775,S,Third,woman,False,,Southampton,no,True
"Jones, Mrs. Florence",1,2,female,24.0,0,2,14.5,S,Second,woman,False,,Southampton,yes,False
"Wilson, Mr. Patrick",1,1,male,37.0,1,1,52.5542,S,First,man,True,D,Southampton,yes,False
"O'Brien, Mr. Patrick",0,2,male,54.0,1,0,26.0,S,Second,man,True,,Southampton,no,False
"Martin, Mr. Arthur",0,3,male,,0,0,7.25,S,Third,man,True,,Southampton,no,True
"Thompson, Mrs. Sarah",0,3,female,29.0,1,1,10.4625,S,Third,woman,False,G,Southampton,no,False
"Wilson, Mr. Harold",0,1,male,62.0,0,0,26.55,S,First,man,True,C,Southampton,no,True
"Jones, Mr. Henry",0,3,male,30.0,1,0,16.1,S,Third,man,True,,Southampton,no,False
"Davies, Mrs. Edith",0,3,female,41.0,0,2,20.2125,S,Third,woman,False,,Southampton,no,False
"Roberts, Mrs. Edith",1,3,female,29.0,0,2,15.2458,C,Third,woman,False,,Cherbourg,yes,False
"Smith, Miss. Bertha",1,1,female,,0,0,79.2,C,First,woman,False,,Cherbourg,yes,True
"Davies, Miss. Ruth",1,1,female,30.0,0,0,86.5,S,First,woman,False,B,Southampton,yes,True
"Evans, Miss. Anna",1,1,female,35.0,0,0,512.3292,C,First,woman,False,,Cherbourg,yes,True
"Fitzgerald, Mrs. Edith",1,2,female,50.0,0,1,26.0,S,Second,woman,False,,Southampton,yes,False
"Harris, Mr. Patrick",0,3,male,,0,0,7.75,Q,Third,man,True,,Queenstown,no,True
"Smith, Master. Patrick",1,3,male,3.0,4,2,31.3875,S,Third,child,False,,Southampton,yes,False
"Lewis, Mr. Frank",0,1,male,52.0,1,1,79.65,S,First,man,True,E,Southampton,no,False
"Carter, Mr. Joseph",0,1,male,40.0,0,0,0.0,S,First,man,True,B,Southampton,no,True
"Martin, Miss. Margaret",0,3,female,,0,0,7.75,Q,Third,woman,False,,Queenstown,no,True
"Taylor, Mr. Patrick",0,2,male,36.0,0,0,10.5,S,Second,man,True,,Southampton,no,True
"Quinn, Mr. Edward",0,3,male,16.0,4,1,39.6875,S,Third,man,True,,Southampton,no,False
"Gordon, Mr. Charles",1,3,male,25.0,1,0,7.775,S,Third,man,True,,Southampton,yes,False
"Nelson, Mrs. Edith",1,1,female,58.0,0,1,153.4625,S,First,woman,False,C,Southampton,yes,False
"Davis, Miss. Bertha",1,1,female,35.0,0,0,135.6333,S,First,woman,False,C,Southampton,yes,True
"Smith, Mr. Thomas",0,1,male,,0,0,31.0,S,First,man,True,,Southampton,no,True
"Gordon, Mr. William",1,3,male,25.0,0,0,0.0,S,Third,man,True,,Southampton,yes,True
"Quinn, Mrs. Sarah",1,2,female,41.0,0,1,19.5,S,Second,woman,False,,Southampton,yes,False
"Nelson, Mr. Samuel",0,1,male,37.0,0,1,29.7,C,First,man,True,C,Cherbourg,no,False
"Quinn, Miss. Elizabeth",1,3,female,,0,0,7.75,Q,Third,woman,False,,Queenstown,yes,True
"Young, Miss. Bertha",1,1,female,63.0,1,0,77.9583,S,First,woman,False,D,Southampton,yes,False
"Allen, Miss. Emily",0,3,female,45.0,0,0,7.75,S,Third,woman,False,,Southampton,no,True
"Taylor, Mr. James",0,2,male,,0,0,0.0,S,Second,man,True,,Southampton,no,True
"Smith, Master. Arthur",0,3,male,7.0,4,1,29.125,Q,Third,child,False,,Queenstown,no,False
"Phillips, Mrs. Elizabeth",1,3,female,35.0,1,1,20.25,S,Third,woman,False,,Southampton,yes,False
"Carter, Mr. Robert",0,3,male,65.0,0,0,7.75,Q,Third,man,True,,Queenstown,no,True
"Stewart, Mr. Frank",0,3,male,28.0,0,0,7.8542,S,Third,man,True,,Southampton,no,True
"Thompson, Mr. Thomas",0,3,male,16.0,0,0,9.5,S,Third,man,True,,Southampton,no,True
"Nelson, Mr. Edward",1,3,male,19.0,0,0,8.05,S,Third,man,True,,Southampton,yes,True
"Kelly, Mr. Robert",0,1,male,,0,0,26.0,S,First,man,True,A,Southampton,no,True
"Brown, Mr. Harold",0,3,male,33.0,0,0,8.6625,C,Third,man,True,,Cherbourg,no,True
"Lewis, Mr. Patrick",1,3,male,30.0,0,0,9.5,S,Third,man,True,,Southampton,yes,True
"Young, Mr. Joseph",0,3,male,22.0,0,0,7.8958,S,Third,man,True,,Southampton,no,True
"Allen, Mr. Robert",1,2,male,42.0,0,0,13.0,S,Second,man,True,,Southampton,yes,True
"Nelson, Miss. Alice",1,3,female,22.0,0,0,7.75,Q,Third,woman,False,,Queenstown,yes,True
"Kelly, Miss. Hannah",1,1,female,26.0,0,0,78.85,S,First,woman,False,,Southampton,yes,True
"Nelson, Miss. Anna",1,1,female,19.0,1,0,91.0792,C,First,woman,False,B,Cherbourg,yes,False
"Kelly, Mr. Harold",0,2,male,36.0,0,0,12.875,C,Second,man,True,D,Cherbourg,no,True
"Davies, Miss. Ruth",0,3,female,24.0,0,0,8.85,S,Third,woman,False,,Southampton,no,True
"White, Mr. Henry",0,3,male,24.0,0,0,7.8958,S,Third,man,True,,Southampton,no,True
"Smith, Mr. Patrick",0,1,male,,0,0,27.7208,C,First,man,True,,Cherbourg,no,True
"Stewart, Mr. George",0,3,male,23.5,0,0,7.2292,C,Third,man,True,,Cherbourg,no,True
"Davies, Miss. Mary",0,1,female,2.0,1,2,151.55,S,First,child,False,C,Southampton,no,False
"Kelly, Mr. Walter",1,1,male,,0,0,30.5,S,First,man,True,C,Southampton,yes,True
"White, Mrs. Bertha",1,1,female,50.0,0,1,247.5208,C,First,woman,False,B,Cherbourg,yes,False
"Phillips, Miss. Anna",1,3,female,,0,0,7.75,Q,Third,woman,False,,Queenstown,yes,True
"Taylor, Mr. John",1,3,male,,2,0,23.25,Q,Third,man,True,,Queenstown,yes,False
"Andrews, Mr. Charles",0,3,male,19.0,0,0,0.0,S,Third,man,True,,Southampton,no,True
"Wilson, Miss. Bridget",1,2,female,,0,0,12.35,Q,Second,woman,False,E,Queenstown,yes,True
"Harris, Mr. William",0,3,male,,0,0,8.05,S,Third,man,True,,Southampton,no,True
"Gordon, Master. Edward",1,1,male,0.92,1,2,151.55,S,First,child,False,C,Southampton,yes,False
"Smith, Miss. Anna",1,1,female,,0,0,110.8833,C,First,woman,False,,Cherbourg,yes,True
"Taylor, Miss. Anna",1,1,female,17.0,1,0,108.9,C,First,woman,False,C,Cherbourg,yes,False
"Young, Mr. James",0,2,male,30.0,1,0,24.0,C,Second,man,True,,Cherbourg,no,False
"Brown, Miss. Ruth",1,1,female,30.0,0,0,56.9292,C,First,woman,False,E,Cherbourg,yes,True
"Walsh, Miss. Bridget",1,1,female,24.0,0,0,83.1583,C,First,woman,False,C,Cherbourg,yes,True
"Bird, Mrs. Mary",1,1,female,18.0,2,2,262.375,C,First,woman,False,B,Cherbourg,yes,False
"Smith, Mrs. Alice",0,2,female,26.0,1,1,26.0,S,Second,woman,False,,Southampton,no,False
"Fitzgerald, Mr. Samuel",0,3,male,28.0,0,0,7.8958,S,Third,man,True,,Southampton,no,True
"Fitzgerald, Mr. Arthur",0,2,male,43.0,1,1,26.25,S,Second,man,True,,Southampton,no,False
"Gordon, Miss. Margaret",1,3,female,26.0,0,0,7.8542,S,Third,woman,False,,Southampton,yes,True
"Clark, Miss. Emily",1,2,female,24.0,1,0,26.0,S,Second,woman,False,,Southampton,yes,False
"Young, Mr. Samuel",0,2,male,54.0,0,0,14.0,S,Second,man,True,,Southampton,no,True
"Andrews, Mrs. Emily",1,1,female,31.0,0,2,164.8667,S,First,woman,False,C,Southampton,yes,False
"Brown, Mrs. Anna",1,1,female,40.0,1,1,134.5,C,First,woman,False,E,Cherbourg,yes,False
"Lewis, Mr. James",0,3,male,22.0,0,0,7.25,S,Third,man,True,,Southampton,no,True
"Stewart, Mr. Samuel",0,3,male,27.0,0,0,7.8958,S,Third,man,True,,Southampton,no,True
"Smith, Miss. Edith",1,2,female,30.0,0,0,12.35,Q,Second,woman,False,,Queenstown,yes,True
"McCarthy, Mrs. Catherine",1,2,female,22.0,1,1,29.0,S,Second,woman,False,,Southampton,yes,False
"Thompson, Mr. Charles",0,3,male,,8,2,69.55,S,Third,man,True,,Southampton,no,False
"Young, Miss. Edith",1,1,female,36.0,0,0,135.6333,C,First,woman,False,C,Cherbourg,yes,True
"Thompson, Mr. Walter",0,3,male,61.0,0,0,6.2375,S,Third,man,True,,Southampton,no,True
"Andrews, Miss. Anna",1,2,female,36.0,0,0,13.0,S,Second,woman,False,D,Southampton,yes,True
"Stewart, Mrs. Elizabeth",1,3,female,31.0,1,1,20.525,S,Third,woman,False,,Southampton,yes,False
"Gordon, Mrs. Elizabeth",1,1,female,16.0,0,1,57.9792,C,First,woman,False,B,Cherbourg,yes,False
"Clark, Miss. Mary",1,3,female,,2,0,23.25,Q,Third,woman,False,,Queenstown,yes,False
"Stewart, Mr. Robert",0,1,male,45.5,0,0,28.5,S,First,man,True,C,Southampton,no,True
"Nelson, Mr. Thomas",0,1,male,38.0,0,1,153.4625,S,First,man,True,C,Southampton,no,False
"Kelly, Mr. Walter",0,3,male,16.0,2,0,18.0,S,Third,man,True,,Southampton,no,False
"Allen, Miss. Elizabeth",1,1,female,,1,0,133.65,S,First,woman,False,,Southampton,yes,False
"Davies, Mr. Walter",0,3,male,,0,0,7.8958,S,Third,man,True,,Southampton,no,True
"Andrews, Mr. Walter",0,1,male,29.0,1,0,66.6,S,First,man,True,C,Southampton,no,False
"Bird, Miss. Elizabeth",1,1,female,41.0,0,0,134.5,C,First,woman,False,E,Cherbourg,yes,True
"Nelson, Mr. Thomas",1,3,male,45.0,0,0,8.05,S,Third,man,True,,Southampton,yes,True
"Walsh, Mr. Edward",0,1,male,45.0,0,0,35.5,S,First,man,True,,Southampton,no,True
"Bird, Master. Robert",1,2,male,2.0,1,1,26.0,S,Second,child,False,F,Southampton,yes,False
"Roberts, Mrs. Helen",1,1,female,24.0,3,2,263.0,S,First,woman,False,C,Southampton,yes,False
"Roberts, Mr. Joseph",0,2,male,28.0,0,0,13.0,S,Second,man,True,,Southampton,no,True
"Phillips, Mr. James",0,2,male,25.0,0,0,13.0,S,Second,man,True,,Southampton,no,True
"Taylor, Mr. John",0,2,male,36.0,0,0,13.0,S,Second,man,True,,Southampton,no,True
"McCarthy, Miss. Mary",1,2,female,24.0,0,0,13.0,S,Second,woman,False,F,Southampton,yes,True
"Stewart, Miss. Sarah",1,2,female,40.0,0,0,13.0,S,Second,woman,False,,Southampton,yes,True
"Phillips, Miss. Mary",1,3,female,,1,0,16.1,S,Third,woman,False,,Southampton,yes,False
"Roberts, Master. Thomas",1,3,male,3.0,1,1,15.9,S,Third,child,False,,Southampton,yes,False
"Clark, Mr. Edward",0,3,male,42.0,0,0,8.6625,S,Third,man,True,,Southampton,no,True
"Wilson, Mr. Harold",0,3,male,23.0,0,0,9.225,S,Third,man,True,,Southampton,no,True
"Allen, Mr. James",0,1,male,,0,0,35.0,S,First,man,True,C,Southampton,no,True
"Allen, Master. Frank",0,3,male,15.0,1,1,7.2292,C,Third,child,False,,Cherbourg,no,False
"Clark, Mr. Samuel",0,3,male,25.0,1,0,17.8,S,Third,man,True,,Southampton,no,False
"Brown, Mr. Walter",0,3,male,,0,0,7.225,C,Third,man,True,,Cherbourg,no,True
"Allen, Mr. Samuel",0,3,male,28.0,0,0,9.5,S,Third,man,True,,Southampton,no,True
"Young, Mrs. Florence",1,1,female,22.0,0,1,55.0,S,First,woman,False,E,Southampton,yes,False
"Fitzgerald, Miss. Edith",0,2,female,38.0,0,0,13.0,S,Second,woman,False,,Southampton,no,True
"Gordon, Miss. Edith",1,3,female,,0,0,7.8792,Q,Third,woman,False,,Queenstown,yes,True
"Bird, Miss. Catherine",1,3,female,,0,0,7.8792,Q,Third,woman,False,,Queenstown,yes,True
"Smith, Mr. Arthur",0,3,male,40.0,1,4,27.9,S,Third,man,True,,Southampton,no,False
"Clark, Mr. Thomas",0,2,male,29.0,1,0,27.7208,C,Second,man,True,,Cherbourg,no,False
"Wilson, Mrs. Catherine",0,3,female,45.0,0,1,14.4542,C,Third,woman,False,,Cherbourg,no,False
"Lewis, Mr. Harold",0,3,male,35.0,0,0,7.05,S,Third,man,True,,Southampton,no,True
"Martin, Mr. Henry",0,3,male,,1,0,15.5,Q,Third,man,True,,Queenstown,no,False
"Quinn, Mr. Charles",0,3,male,30.0,0,0,7.25,S,Third,man,True,,Southampton,no,True
"Young, Miss. Edith",1,1,female,60.0,1,0,75.25,C,First,woman,False,D,Cherbourg,yes,False
"Martin, Miss. Bridget",1,3,female,,0,0,7.2292,C,Third,woman,False,,Cherbourg,yes,True
"Clark, Miss. Helen",1,3,female,,0,0,7.75,Q,Third,woman,False,,Queenstown,yes,True
"Martin, Miss. Hannah",1,1,female,24.0,0,0,69.3,C,First,woman,False,B,Cherbourg,yes,True
"Fitzgerald, Mr. William",1,1,male,25.0,1,0,55.4417,C,First,man,True,E,Cherbourg,yes,False
"Lewis, Mr. William",0,3,male,18.0,1,0,6.4958,S,Third,man,True,,Southampton,no,False
"White, Mr. Patrick",0,3,male,19.0,0,0,8.05,S,Third,man,True,,Southampton,no,True
"Martin, Mr. Robert",0,1,male,22.0,0,0,135.6333,C,First,man,True,,Cherbourg,no,True
"Evans, Miss. Alice",0,3,female,3.0,3,1,21.075,S,Third,child,False,,Southampton,no,False
"Andrews, Miss. Florence",1,1,female,,1,0,82.1708,C,First,woman,False,,Cherbourg,yes,False
"Davis, Miss. Bridget",1,3,female,22.0,0,0,7.25,S,Third,woman,False,,Southampton,yes,True
"Nelson, Mr. Henry",0,1,male,27.0,0,2,211.5,C,First,man,True,C,Cherbourg,no,False
"Stewart, Mr. Henry",0,3,male,20.0,0,0,4.0125,C,Third,man,True,,Cherbourg,no,True
"O'Brien, Mr. Edward",0,3,male,19.0,0,0,7.775,S,Third,man,True,,Southampton,no,True
"Harris, Miss. Bertha",1,1,female,42.0,0,0,227.525,C,First,woman,False,,Cherbourg,yes,True
"Gordon, Miss. Sarah",1,3,female,1.0,0,2,15.7417,C,Third,child,False,,Cherbourg,yes,False
"Stewart, Mr. Joseph",0,3,male,32.0,0,0,7.925,S,Third,man,True,,Southampton,no,True
"Young, Miss. Margaret",1,1,female,35.0,1,0,52.0,S,First,woman,False,,Southampton,yes,False
"Davies, Mr. Arthur",0,3,male,,0,0,7.8958,S,Third,man,True,,Southampton,no,True
"Lewis, Mr. Henry",0,2,male,18.0,0,0,73.5,S,Second,man,True,,Southampton,no,True
"Thompson, Master. Frank",0,3,male,1.0,5,2,46.9,S,Third,child,False,,Southampton,no,False
"Nelson, Miss. Florence",1,2,female,36.0,0,0,13.0,S,Second,woman,False,,Southampton,yes,True
"Quinn, Mr. Harold",0,3,male,,0,0,7.7292,Q,Third,man,True,,Queenstown,no,True
"Davies, Miss. Alice",1,2,female,17.0,0,0,12.0,C,Second,woman,False,,Cherbourg,yes,True
"Gordon, Mr. Thomas",1,1,male,36.0,1,2,120.0,S,First,man,True,B,Southampton,yes,False
"Harris, Mr. Walter",1,3,male,21.0,0,0,7.7958,S,Third,man,True,,Southampton,yes,True
"Davis, Mr. Joseph",0,3,male,28.0,2,0,7.925,S,Third,man,True,,Southampton,no,False
"Young, Miss. Florence",1,1,female,23.0,1,0,113.275,C,First,woman,False,D,Cherbourg,yes,False
"Roberts, Mrs. Catherine",1,3,female,24.0,0,2,16.7,S,Third,woman,False,G,Southampton,yes,False
"Stewart, Mr. Arthur",0,3,male,22.0,0,0,7.7958,S,Third,man,True,,Southampton,no,True
"O'Brien, Miss. Bridget",0,3,female,31.0,0,0,7.8542,S,Third,woman,False,,Southampton,no,True
"Young, Mr. Walter",0,2,male,46.0,0,0,26.0,S,Second,man,True,,Southampton,no,True
"Phillips, Mr. Frank",0,2,male,23.0,0,0,10.5,S,Second,man,True,,Southampton,no,True
"Martin, Miss. Ruth",1,2,female,28.0,0,0,12.65,S,Second,woman,False,,Southampton,yes,True
"Davis, Mr. Patrick",1,3,male,39.0,0,0,7.925,S,Third,man,True,,Southampton,yes,True
"Kelly, Mr. John",0,3,male,26.0,0,0,8.05,S,Third,man,True,,Southampton,no,True
"Carter, Miss. Catherine",0,3,female,21.0,1,0,9.825,S,Third,woman,False,,Southampton,no,False
"Quinn, Mr. Edward",0,3,male,28.0,1,0,15.85,S,Third,man,True,,Southampton,no,False
"Evans, Miss. Bridget",0,3,female,20.0,0,0,8.6625,S,Third,woman,False,,Southampton,no,True
"Stewart, Mr. Arthur",0,2,male,34.0,1,0,21.0,S,Second,man,True,,Southampton,no,False
"Roberts, Mr. Arthur",0,3,male,51.0,0,0,7.75,S,Third,man,True,,Southampton,no,True
"Davis, Master. Arthur",1,2,male,3.0,1,1,18.75,S,Second,child,False,,Southampton,yes,False
"Wilson, Mr. James",0,3,male,21.0,0,0,7.775,S,Third,man,True,,Southampton,no,True
"Jones, Mrs. Alice",0,3,female,,3,1,25.4667,S,Third,woman,False,,Southampton,no,False
"Martin, Mr. Samuel",0,3,male,,0,0,7.8958,S,Third,man,True,,Southampton,no,True
"Davis, Mr. Walter",0,3,male,,0,0,6.8583,Q,Third,man,True,,Queenstown,no,True
"Quinn, Miss. Bridget",1,1,female,33.0,1,0,90.0,Q,First,woman,False,C,Queenstown,yes,False
"Evans, Mr. Frank",0,2,male,,0,0,0.0,S,Second,man,True,,Southampton,no,True
"Bird, Mr. William",1,3,male,44.0,0,0,7.925,S,Third,man,True,,Southampton,yes,True
"Gordon, Miss. Elizabeth",0,3,female,,0,0,8.05,S,Third,woman,False,,Southampton,no,True
"Kelly, Mrs. Catherine",1,2,female,34.0,1,1,32.5,S,Second,woman,False,,Southampton,yes,False
"Roberts, Mrs. Sarah",1,2,female,18.0,0,2,13.0,S,Second,woman,False,,Southampton,yes,False
"Gordon, Mr. John",0,2,male,30.0,0,0,13.0,S,Second,man,True,,Southampton,no,True
"Quinn, Miss. Florence",0,3,female,10.0,0,2,24.15,S,Third,child,False,,Southampton,no,False
"Phillips, Mr. Thomas",0,3,male,,0,0,7.8958,C,Third,man,True,,Cherbourg,no,True
"Young, Mr. Henry",0,3,male,21.0,0,0,7.7333,Q,Third,man,True,,Queenstown,no,True
"Harris, Mr. Patrick",0,3,male,29.0,0,0,7.875,S,Third,man,True,,Southampton,no,True
"Martin, Mrs. Florence",0,3,female,28.0,1,1,14.4,S,Third,woman,False,,Southampton,no,False
"Young, Mr. John",0,3,male,18.0,1,1,20.2125,S,Third,man,True,,Southampton,no,False
"Lewis, Mr. Arthur",0,3,male,,0,0,7.25,S,Third,man,True,,Southampton,no,True
"Harris, Miss. Emily",1,2,female,28.0,1,0,26.0,S,Second,woman,False,,Southampton,yes,False
"Allen, Miss. Sarah",1,2,female,19.0,0,0,26.0,S,Second,woman,False,,Southampton,yes,True
"Kelly, Mr. Joseph",0,3,male,,0,0,7.75,Q,Third,man,True,,Queenstown,no,True
"Brown, Mr. Frank",1,3,male,32.0,0,0,8.05,S,Third,man,True,E,Southampton,yes,True
"Taylor, Mr. Patrick",1,1,male,28.0,0,0,26.55,S,First,man,True,C,Southampton,yes,True
"Taylor, Miss. Ruth",1,3,female,,1,0,16.1,S,Third,woman,False,,Southampton,yes,False
"Davies, Miss. Mary",1,2,female,42.0,1,0,26.0,S,Second,woman,False,,Southampton,yes,False
"Thompson, Mr. Frank",0,3,male,17.0,0,0,7.125,S,Third,man,True,,Southampton,no,True
"Phillips, Mr. James",0,1,male,50.0,1,0,55.9,S,First,man,True,E,Southampton,no,False
"Allen, Miss. Helen",1,1,female,14.0,1,2,120.0,S,First,child,False,B,Southampton,yes,False
"McCarthy, Mrs. Bertha",0,3,female,21.0,2,2,34.375,S,Third,woman,False,,Southampton,no,False
"Jones, Mrs. Catherine",1,2,female,24.0,2,3,18.75,S,Second,woman,False,,Southampton,yes,False
"Bird, Mr. Arthur",0,1,male,64.0,1,4,263.0,S,First,man,True,C,Southampton,no,False
"Stewart, Mr. Charles",0,2,male,31.0,0,0,10.5,S,Second,man,True,,Southampton,no,True
"Walsh, Mrs. Margaret",1,2,female,45.0,1,1,26.25,S,Second,woman,False,,Southampton,yes,False
"Lewis, Mr. Edward",0,3,male,20.0,0,0,9.5,S,Third,man,True,,Southampton,no,True
"Allen, Mr. Walter",0,3,male,25.0,1,0,7.775,S,Third,man,True,,Southampton,no,False
"Thompson, Miss. Mary",1,2,female,28.0,0,0,13.0,S,Second,woman,False,,Southampton,yes,True
"Andrews, Mr. John",1,3,male,,0,0,8.1125,S,Third,man,True,,Southampton,yes,True
"Andrews, Master. Thomas",1,1,male,4.0,0,2,81.8583,S,First,child,False,A,Southampton,yes,False
"Allen, Miss. Margaret",1,2,female,13.0,0,1,19.5,S,Second,child,False,,Southampton,yes,False
"Brown, Mr. Walter",1,1,male,34.0,0,0,26.55,S,First,man,True,,Southampton,yes,True
"Davis, Miss. Bridget",1,3,female,5.0,2,1,19.2583,C,Third,child,False,,Cherbourg,yes,False
"Wilson, Mr. Walter",1,1,male,52.0,0,0,30.5,S,First,man,True,C,Southampton,yes,True
"Carter, Mr. Harold",0,2,male,36.0,1,2,27.75,S,Second,man,True,,Southampton,no,False
"Clark, Mr. Harold",0,3,male,,1,0,19.9667,S,Third,man,True,,Southampton,no,False
"Harris, Mr. John",0,1,male,30.0,0,0,27.75,C,First,man,True,C,Cherbourg,no,True
"Quinn, Mr. Samuel",1,1,male,49.0,1,0,89.1042,C,First,man,True,C,Cherbourg,yes,False
"Wilson, Mr. Samuel",0,3,male,,0,0,8.05,S,Third,man,True,,Southampton,no,True
"Taylor, Mr. John",1,3,male,29.0,0,0,7.8958,C,Third,man,True,,Cherbourg,yes,True
"Wilson, Mr. Henry",0,1,male,65.0,0,0,26.55,S,First,man,True,E,Southampton,no,True
"Allen, Miss. Margaret",1,1,female,,1,0,51.8625,S,First,woman,False,D,Southampton,yes,False
"Clark, Miss. Florence",1,2,female,50.0,0,0,10.5,S,Second,woman,False,,Southampton,yes,True
"Quinn, Mr. Walter",0,3,male,,0,0,7.75,Q,Third,man,True,,Queenstown,no,True
"Harris, Mr. George",1,1,male,48.0,0,0,26.55,S,First,man,True,E,Southampton,yes,True
"Brown, Mr. Robert",0,3,male,34.0,0,0,8.05,S,Third,man,True,,Southampton,no,True
"Smith, Mr. George",0,1,male,47.0,0,0,38.5,S,First,man,True,E,Southampton,no,True
"McCarthy, Mr. John",0,2,male,48.0,0,0,13.0,S,Second,man,True,,Southampton,no,True
"Wilson, Mr. Patrick",0,3,male,,0,0,8.05,S,Third,man,True,,Southampton,no,True
"Martin, Mr. Robert",0,3,male,38.0,0,0,7.05,S,Third,man,True,,Southampton,no,True
"Harris, Mr. William",0,2,male,,0,0,0.0,S,Second,man,True,,Southampton,no,True
"Clark, Mr. Samuel",0,1,male,56.0,0,0,26.55,S,First,man,True,,Southampton,no,True
"Lewis, Mr. Charles",0,3,male,,0,0,7.725,Q,Third,man,True,,Queenstown,no,True
"Thompson, Miss. Ruth",1,3,female,0.75,2,1,19.2583,C,Third,child,False,,Cherbourg,yes,False
"McCarthy, Mr. William",0,3,male,,0,0,7.25,S,Third,man,True,,Southampton,no,True
"Taylor, Mr. James",0,3,male,38.0,0,0,8.6625,S,Third,man,True,,Southampton,no,True
"Davis, Mrs. Elizabeth",1,2,female,33.0,1,2,27.75,S,Second,woman,False,,Southampton,yes,False
"Davies, Miss. Florence",1,2,female,23.0,0,0,13.7917,C,Second,woman,False,D,Cherbourg,yes,True
"Smith, Miss. Edith",0,3,female,22.0,0,0,9.8375,S,Third,woman,False,,Southampton,no,True
"Brown, Mr. Samuel",0,1,male,,0,0,52.0,S,First,man,True,A,Southampton,no,True
"Young, Mr. Frank",0,2,male,34.0,1,0,21.0,S,Second,man,True,,Southampton,no,False
"Allen, Mr. Edward",0,3,male,29.0,1,0,7.0458,S,Third,man,True,,Southampton,no,False
"Allen, Mr. Patrick",0,3,male,22.0,0,0,7.5208,S,Third,man,True,,Southampton,no,True
"Bird, Miss. Bertha",1,3,female,2.0,0,1,12.2875,S,Third,child,False,,Southampton,yes,False
"Smith, Master. James",0,3,male,9.0,5,2,46.9,S,Third,child,False,,Southampton,no,False
"Martin, Mr. Joseph",0,2,male,,0,0,0.0,S,Second,man,True,,Southampton,no,True
"Fitzgerald, Mr. John",0,3,male,50.0,0,0,8.05,S,Third,man,True,,Southampton,no,True
"Stewart, Miss. Mary",1,3,female,63.0,0,0,9.5875,S,Third,woman,False,,Southampton,yes,True
"Fitzgerald, Mr. Henry",1,1,male,25.0,1,0,91.0792,C,First,man,True,B,Cherbourg,yes,False
"O'Brien, Mrs. Florence",0,3,female,,3,1,25.4667,S,Third,woman,False,,Southampton,no,False
"Bird, Miss. Alice",1,1,female,35.0,1,0,90.0,S,First,woman,False,C,Southampton,yes,False
"Thompson, Mr. Patrick",0,1,male,58.0,0,0,29.7,C,First,man,True,B,Cherbourg,no,True
"Evans, Mr. Robert",0,3,male,30.0,0,0,8.05,S,Third,man,True,,Southampton,no,True
"Carter, Master. Henry",1,3,male,9.0,1,1,15.9,S,Third,child,False,,Southampton,yes,False
"White, Mr. George",0,3,male,,1,0,19.9667,S,Third,man,True,,Southampton,no,False
"Lewis, Mr. James",0,3,male,21.0,0,0,7.25,S,Third,man,True,,Southampton,no,True
"Kelly, Mr. James",0,1,male,55.0,0,0,30.5,S,First,man,True,C,Southampton,no,True
"Quinn, Mr. James",0,1,male,71.0,0,0,49.5042,C,First,man,True,,Cherbourg,no,True
"Kelly, Mr. Joseph",0,3,male,21.0,0,0,8.05,S,Third,man,True,,Southampton,no,True
"Thompson, Mr. Arthur",0,3,male,,0,0,14.4583,C,Third,man,True,,Cherbourg,no,True
"Thompson, Miss. Bridget",1,1,female,54.0,1,0,78.2667,C,First,woman,False,D,Cherbourg,yes,False
"Kelly, Mr. James",0,3,male,,0,0,15.1,S,Third,man,True,,Southampton,no,True
"Gordon, Mrs. Mary",0,1,female,25.0,1,2,151.55,S,First,woman,False,C,Southampton,no,False
"Young, Mr. Patrick",0,3,male,24.0,0,0,7.7958,S,Third,man,True,,Southampton,no,True
"White, Mr. Edward",0,3,male,17.0,0,0,8.6625,S,Third,man,True,,Southampton,no,True
"Young, Miss. Ruth",0,3,female,21.0,0,0,7.75,Q,Third,woman,False,,Queenstown,no,True
"Roberts, Miss. Florence",0,3,female,,0,0,7.6292,Q,Third,woman,False,,Queenstown,no,True
"Clark, Miss. Catherine",0,3,female,37.0,0,0,9.5875,S,Third,woman,False,,Southampton,no,True
"Evans, Miss. Catherine",1,1,female,16.0,0,0,86.5,S,First,woman,False,B,Southampton,yes,True
"Gordon, Mr. Walter",0,1,male,18.0,1,0,108.9,C,First,man,True,C,Cherbourg,no,False
"Stewart, Mrs. Emily",1,2,female,33.0,0,2,26.0,S,Second,woman,False,,Southampton,yes,False
"O'Brien, Mr. Charles",1,1,male,,0,0,26.55,S,First,man,True,,Southampton,yes,True
"Carter, Mr. Patrick",0,3,male,28.0,0,0,22.525,S,Third,man,True,,Southampton,no,True
"White, Mr. John",1,3,male,26.0,0,0,56.4958,S,Third,man,True,,Southampton,yes,True
"McCarthy, Mr. Harold",1,3,male,29.0,0,0,7.75,Q,Third,man,True,,Queenstown,yes,True
"Taylor, Mr. Henry",0,3,male,,0,0,8.05,S,Third,man,True,,Southampton,no,True
"Andrews, Mr. William",1,1,male,36.0,0,0,26.2875,S,First,man,True,E,Southampton,yes,True
"Stewart, Miss. Emily",1,1,female,54.0,1,0,59.4,C,First,woman,False,,Cherbourg,yes,False
"Davies, Mr. Robert",0,3,male,24.0,0,0,7.4958,S,Third,man,True,,Southampton,no,True
"Gordon, Mr. James",0,1,male,47.0,0,0,34.0208,S,First,man,True,D,Southampton,no,True
"Lewis, Miss. Hannah",1,2,female,34.0,0,0,10.5,S,Second,woman,False,F,Southampton,yes,True
"Brown, Mr. James",0,3,male,,0,0,24.15,Q,Third,man,True,,Queenstown,no,True
"Gordon, Miss. Helen",1,2,female,36.0,1,0,26.0,S,Second,woman,False,,Southampton,yes,False
"McCarthy, Mr. William",0,3,male,32.0,0,0,7.8958,S,Third,man,True,,Southampton,no,True
"Kelly, Miss. Sarah",1,1,female,30.0,0,0,93.5,S,First,woman,False,B,Southampton,yes,True
"Quinn, Mr. Patrick",0,3,male,22.0,0,0,7.8958,S,Third,man,True,,Southampton,no,True
"Stewart, Mr. Joseph",0,3,male,,0,0,7.225,C,Third,man,True,,Cherbourg,no,True
"White, Mrs. Ruth",1,1,female,44.0,0,1,57.9792,C,First,woman,False,B,Cherbourg,yes,False
"White, Mr. Arthur",0,3,male,,0,0,7.2292,C,Third,man,True,,Cherbourg,no,True
"Harris, Mr. Henry",0,3,male,40.5,0,0,7.75,Q,Third,man,True,,Queenstown,no,True
"Thompson, Miss. Bertha",1,2,female,50.0,0,0,10.5,S,Second,woman,False,,Southampton,yes,True
"White, Mr. Robert",0,1,male,,0,0,221.7792,S,First,man,True,C,Southampton,no,True
"Kelly, Mr. Henry",0,3,male,39.0,0,0,7.925,S,Third,man,True,,Southampton,no,True
"Gordon, Mr. William",0,2,male,23.0,2,1,11.5,S,Second,man,True,,Southampton,no,False
"Brown, Miss. Catherine",1,2,female,2.0,1,1,26.0,S,Second,child,False,,Southampton,yes,False
"Smith, Mr. Charles",0,3,male,,0,0,7.2292,C,Third,man,True,,Cherbourg,no,True
"Thompson, Mr. Frank",0,3,male,17.0,1,1,7.2292,C,Third,man,True,,Cherbourg,no,False
"Bird, Mrs. Bridget",1,3,female,,0,2,22.3583,C,Third,woman,False,,Cherbourg,yes,False
"Lewis, Miss. Mary",0,3,female,30.0,0,0,8.6625,S,Third,woman,False,,Southampton,no,True
"Carter, Miss. Alice",1,2,female,7.0,0,2,26.25,S,Second,child,False,,Southampton,yes,False
"Davis, Mr. Harold",0,1,male,45.0,0,0,26.55,S,First,man,True,B,Southampton,no,True
"Kelly, Miss. Catherine",1,1,female,30.0,0,0,106.425,C,First,woman,False,,Cherbourg,yes,True
"Young, Mr. Henry",0,3,male,,0,0,14.5,S,Third,man,True,,Southampton,no,True
"Kelly, Mrs. Bridget",1,1,female,22.0,0,2,49.5,C,First,woman,False,B,Cherbourg,yes,False
"Roberts, Mrs. Catherine",1,1,female,36.0,0,2,71.0,S,First,woman,False,B,Southampton,yes,False
"Davies, Miss. Florence",0,3,female,9.0,4,2,31.275,S,Third,child,False,,Southampton,no,False
"Young, Miss. Mary",0,3,female,11.0,4,2,31.275,S,Third,child,False,,Southampton,no,False
"Thompson, Mr. Edward",1,2,male,32.0,1,0,26.0,S,Second,man,True,,Southampton,yes,False
"Clark, Mr. Thomas",0,1,male,50.0,1,0,106.425,C,First,man,True,C,Cherbourg,no,False
"Clark, Mr. Walter",0,1,male,64.0,0,0,26.0,S,First,man,True,,Southampton,no,True
"Davis, Miss. Anna",1,2,female,19.0,1,0,26.0,S,Second,woman,False,,Southampton,yes,False
"Nelson, Mr. Edward",1,2,male,,0,0,13.8625,C,Second,man,True,,Cherbourg,yes,True
"Carter, Mr. Frank",0,3,male,33.0,1,1,20.525,S,Third,man,True,,Southampton,no,False
"McCarthy, Master. Arthur",1,2,male,8.0,1,1,36.75,S,Second,child,False,,Southampton,yes,False
"Carter, Mr. James",1,1,male,17.0,0,2,110.8833,C,First,man,True,C,Cherbourg,yes,False
"Clark, Mr. James",0,2,male,27.0,0,0,26.0,S,Second,man,True,,Southampton,no,True
"Allen, Mr. Charles",0,3,male,,0,0,7.8292,Q,Third,man,True,,Queenstown,no,True
"Harris, Mr. Henry",1,3,male,22.0,0,0,7.225,C,Third,man,True,,Cherbourg,yes,True
"Evans, Miss. Alice",1,3,female,22.0,0,0,7.775,S,Third,woman,False,,Southampton,yes,True
"White, Mr. Harold",0,1,male,62.0,0,0,26.55,S,First,man,True,,Southampton,no,True
"Nelson, Miss. Ruth",1,1,female,48.0,1,0,39.6,C,First,woman,False,A,Cherbourg,yes,False
"Allen, Mr. Samuel",0,1,male,,0,0,227.525,C,First,man,True,,Cherbourg,no,True
"Gordon, Mrs. Alice",1,1,female,39.0,1,1,79.65,S,First,woman,False,E,Southampton,yes,False
"Andrews, Miss. Margaret",1,3,female,36.0,1,0,17.4,S,Third,woman,False,,Southampton,yes,False
"Harris, Mr. Harold",0,3,male,,0,0,7.75,Q,Third,man,True,,Queenstown,no,True
"Thompson, Mr. Thomas",0,3,male,40.0,0,0,7.8958,S,Third,man,True,,Southampton,no,True
"Jones, Mr. James",0,2,male,28.0,0,0,13.5,S,Second,man,True,,Southampton,no,True
"Wilson, Mr. Joseph",0,3,male,,0,0,8.05,S,Third,man,True,,Southampton,no,True
"Walsh, Miss. Anna",0,3,female,,0,0,8.05,S,Third,woman,False,,Southampton,no,True
"Bird, Mr. John",0,3,male,24.0,2,0,24.15,S,Third,man,True,,Southampton,no,False
"Stewart, Mr. Thomas",0,3,male,19.0,0,0,7.8958,S,Third,man,True,,Southampton,no,True
"Stewart, Mrs. Margaret",0,3,female,29.0,0,4,21.075,S,Third,woman,False,,Southampton,no,False
"Davis, Mr. Frank",0,3,male,,0,0,7.2292,C,Third,man,True,,Cherbourg,no,True
"Allen, Mr. Patrick",1,3,male,32.0,0,0,7.8542,S,Third,man,True,,Southampton,yes,True
"Taylor, Mr. Walter",1,2,male,62.0,0,0,10.5,S,Second,man,True,,Southampton,yes,True
"Gordon, Miss. Anna",1,1,female,53.0,2,0,51.4792,S,First,woman,False,C,Southampton,yes,False
"Thompson, Mr. Arthur",1,1,male,36.0,0,0,26.3875,S,First,man,True,E,Southampton,yes,True
"Smith, Miss. Emily",1,3,female,,0,0,7.75,Q,Third,woman,False,,Queenstown,yes,True
"Jones, Mr. James",0,3,male,16.0,0,0,8.05,S,Third,man,True,,Southampton,no,True
"Thompson, Mr. Patrick",0,3,male,19.0,0,0,14.5,S,Third,man,True,,Southampton,no,True
"Roberts, Miss. Catherine",1,2,female,34.0,0,0,13.0,S,Second,woman,False,,Southampton,yes,True
"Andrews, Miss. Anna",1,1,female,39.0,1,0,55.9,S,First,woman,False,E,Southampton,yes,False
"Lewis, Miss. Catherine",0,3,female,,1,0,14.4583,C,Third,woman,False,,Cherbourg,no,False
"Clark, Mr. John",1,3,male,32.0,0,0,7.925,S,Third,man,True,,Southampton,yes,True
"Smith, Mrs. Elizabeth",1,2,female,25.0,1,1,30.0,S,Second,woman,False,,Southampton,yes,False
"Clark, Mrs. Hannah",1,1,female,39.0,1,1,110.8833,C,First,woman,False,C,Cherbourg,yes,False
"Thompson, Mr. Frank",0,2,male,54.0,0,0,26.0,S,Second,man,True,,Southampton,no,True
"Thompson, Mr. William",0,1,male,36.0,0,0,40.125,C,First,man,True,A,Cherbourg,no,True
"Brown, Mr. Arthur",0,3,male,,0,0,8.7125,C,Third,man,True,,Cherbourg,no,True
"O'Brien, Mrs. Catherine",1,1,female,18.0,0,2,79.65,S,First,woman,False,E,Southampton,yes,False
"Phillips, Mr. William",0,2,male,47.0,0,0,15.0,S,Second,man,True,,Southampton,no,True
"Quinn, Mr. Patrick",1,1,male,60.0,1,1,79.2,C,First,man,True,B,Cherbourg,yes,False
"Young, Mr. Harold",0,3,male,22.0,0,0,8.05,S,Third,man,True,,Southampton,no,True
"Smith, Mr. Arthur",0,3,male,,0,0,8.05,S,Third,man,True,,Southampton,no,True
"Harris, Mr. Edward",0,3,male,35.0,0,0,7.125,S,Third,man,True,,Southampton,no,True
"Wilson, Miss. Bertha",1,1,female,52.0,1,0,78.2667,C,First,woman,False,D,Cherbourg,yes,False
"Walsh, Mr. Frank",0,3,male,47.0,0,0,7.25,S,Third,man,True,,Southampton,no,True
"Davis, Mrs. Bridget",0,3,female,,0,2,7.75,Q,Third,woman,False,,Queenstown,no,False
"Nelson, Mr. William",0,2,male,37.0,1,0,26.0,S,Second,man,True,,Southampton,no,False
"Jones, Mr. Robert",0,3,male,36.0,1,1,24.15,S,Third,man,True,,Southampton,no,False
"Wilson, Miss. Hannah",1,2,female,,0,0,33.0,S,Second,woman,False,,Southampton,yes,True
"Smith, Mr. William",0,3,male,49.0,0,0,0.0,S,Third,man,True,,Southampton,no,True
"Nelson, Mr. Patrick",0,3,male,,0,0,7.225,C,Third,man,True,,Cherbourg,no,True
"Phillips, Mr. George",1,1,male,49.0,1,0,56.9292,C,First,man,True,A,Cherbourg,yes,False
"Bird, Mrs. Sarah",1,2,female,24.0,2,1,27.0,S,Second,woman,False,,Southampton,yes,False
"Gordon, Mr. Frank",0,3,male,,0,0,7.8958,S,Third,man,True,,Southampton,no,True
"Gordon, Mr. Thomas",0,1,male,,0,0,42.4,S,First,man,True,,Southampton,no,True
"Wilson, Mr. Patrick",0,3,male,44.0,0,0,8.05,S,Third,man,True,,Southampton,no,True
"Kelly, Mr. Thomas",1,1,male,35.0,0,0,26.55,C,First,man,True,,Cherbourg,yes,True
"Harris, Mr. George",0,3,male,36.0,1,0,15.55,S,Third,man,True,,Southampton,no,False
"Carter, Mr. Frank",0,3,male,30.0,0,0,7.8958,S,Third,man,True,,Southampton,no,True
"Davies, Mr. Edward",1,1,male,27.0,0,0,30.5,S,First,man,True,,Southampton,yes,True
"Lewis, Mrs. Helen",1,2,female,22.0,1,2,41.5792,C,Second,woman,False,,Cherbourg,yes,False
"Allen, Miss. Hannah",1,1,female,40.0,0,0,153.4625,S,First,woman,False,C,Southampton,yes,True
"Stewart, Mrs. Margaret",0,3,female,39.0,1,5,31.275,S,Third,woman,False,,Southampton,no,False
"Martin, Mr. George",0,3,male,,0,0,7.05,S,Third,man,True,,Southampton,no,True
"Carter, Miss. Edith",1,3,female,,1,0,15.5,Q,Third,woman,False,,Queenstown,yes,False
"Allen, Mr. Harold",0,3,male,,0,0,7.75,Q,Third,man,True,,Queenstown,no,True
"Lewis, Mr. Joseph",0,3,male,35.0,0,0,8.05,S,Third,man,True,,Southampton,no,True
"Quinn, Mrs. Bridget",1,2,female,24.0,1,2,65.0,S,Second,woman,False,,Southampton,yes,False
"White, Mr. Joseph",0,3,male,34.0,1,1,14.4,S,Third,man,True,,Southampton,no,False
"Martin, Miss. Bridget",0,3,female,26.0,1,0,16.1,S,Third,woman,False,,Southampton,no,False
"Davis, Miss. Florence",1,2,female,4.0,2,1,39.0,S,Second,child,False,F,Southampton,yes,False
"Davis, Mr. Frank",0,2,male,26.0,0,0,10.5,S,Second,man,True,,Southampton,no,True
"Andrews, Mr. Joseph",0,3,male,27.0,1,0,14.4542,C,Third,man,True,,Cherbourg,no,False
"Andrews, Mr. Frank",1,1,male,42.0,1,0,52.5542,S,First,man,True,D,Southampton,yes,False
"Young, Mr. Robert",1,3,male,20.0,1,1,15.7417,C,Third,man,True,,Cherbourg,yes,False
"Walsh, Mr. Harold",0,3,male,21.0,0,0,7.8542,S,Third,man,True,,Southampton,no,True
"Davis, Mr. Robert",0,3,male,21.0,0,0,16.1,S,Third,man,True,,Southampton,no,True
"Roberts, Mr. Walter",0,1,male,61.0,0,0,32.3208,S,First,man,True,D,Southampton,no,True
"Phillips, Mr. Samuel",0,2,male,57.0,0,0,12.35,Q,Second,man,True,,Queenstown,no,True
"Stewart, Miss. Catherine",1,1,female,21.0,0,0,77.9583,S,First,woman,False,D,Southampton,yes,True
"Jones, Mr. Thomas",0,3,male,26.0,0,0,7.8958,S,Third,man,True,,Southampton,no,True
"Taylor, Mr. Walter",0,3,male,,0,0,7.7333,Q,Third,man,True,,Queenstown,no,True
"McCarthy, Mr. Charles",1,1,male,80.0,0,0,30.0,S,First,man,True,A,Southampton,yes,True
"Thompson, Mr. Charles",0,3,male,51.0,0,0,7.0542,S,Third,man,True,,Southampton,no,True
"Harris, Mr. Harold",1,1,male,32.0,0,0,30.5,C,First,man,True,B,Cherbourg,yes,True
"McCarthy, Mr. Walter",0,1,male,,0,0,0.0,S,First,man,True,,Southampton,no,True
"Smith, Miss. Helen",0,3,female,9.0,3,2,27.9,S,Third,child,False,,Southampton,no,False
"McCarthy, Miss. Bertha",1,2,female,28.0,0,0,13.0,S,Second,woman,False,,Southampton,yes,True
"Davis, Mr. John",0,3,male,32.0,0,0,7.925,S,Third,man,True,,Southampton,no,True
"Andrews, Mr. Samuel",0,2,male,31.0,1,1,26.25,S,Second,man,True,,Southampton,no,False
"Kelly, Mrs. Alice",0,3,female,41.0,0,5,39.6875,S,Third,woman,False,,Southampton,no,False
"Davis, Mr. Frank",0,3,male,,1,0,16.1,S,Third,man,True,,Southampton,no,False
"Phillips, Mr. Walter",0,3,male,20.0,0,0,7.8542,S,Third,man,True,,Southampton,no,True
"Wilson, Miss. Sarah",1,1,female,24.0,0,0,69.3,C,First,woman,False,B,Cherbourg,yes,True
"Evans, Miss. Emily",0,3,female,2.0,3,2,27.9,S,Third,child,False,,Southampton,no,False
"Kelly, Mr. Harold",1,3,male,,0,0,56.4958,S,Third,man,True,,Southampton,yes,True
"Lewis, Miss. Helen",1,3,female,0.75,2,1,19.2583,C,Third,child,False,,Cherbourg,yes,False
"Taylor, Mr. William",1,1,male,48.0,1,0,76.7292,C,First,man,True,D,Cherbourg,yes,False
"Roberts, Mr. William",0,3,male,19.0,0,0,7.8958,S,Third,man,True,,Southampton,no,True
"Jones, Mr. Charles",1,1,male,56.0,0,0,35.5,C,First,man,True,A,Cherbourg,yes,True
"Walsh, Mr. William",0,3,male,,0,0,7.55,S,Third,man,True,,Southampton,no,True
"Martin, Miss. Florence",1,3,female,23.0,0,0,7.55,S,Third,woman,False,,Southampton,yes,True
"Davis, Mr. Harold",0,3,male,,0,0,7.8958,S,Third,man,True,,Southampton,no,True
"Roberts, Mrs. Bertha",1,2,female,18.0,0,1,23.0,S,Second,woman,False,,Southampton,yes,False
"Fitzgerald, Mr. Walter",0,3,male,21.0,0,0,8.4333,S,Third,man,True,,Southampton,no,True
"Allen, Miss. Catherine",1,3,female,,0,0,7.8292,Q,Third,woman,False,,Queenstown,yes,True
"McCarthy, Miss. Mary",0,3,female,18.0,0,0,6.75,Q,Third,woman,False,,Queenstown,no,True
"Evans, Mr. Edward",0,2,male,24.0,2,0,73.5,S,Second,man,True,,Southampton,no,False
"Jones, Mr. Henry",0,3,male,,0,0,7.8958,S,Third,man,True,,Southampton,no,True
"Harris, Mrs. Elizabeth",0,3,female,32.0,1,1,15.5,Q,Third,woman,False,,Queenstown,no,False
"Davies, Mr. Walter",0,2,male,23.0,0,0,13.0,S,Second,man,True,,Southampton,no,True
"Evans, Mr. Frank",0,1,male,58.0,0,2,113.275,C,First,man,True,D,Cherbourg,no,False
"Taylor, Mr. Arthur",1,1,male,50.0,2,0,133.65,S,First,man,True,,Southampton,yes,False
"Davis, Mr. William",0,3,male,40.0,0,0,7.225,C,Third,man,True,,Cherbourg,no,True
"Harris, Mr. Samuel",0,1,male,47.0,0,0,25.5875,S,First,man,True,E,Southampton,no,True
"Martin, Mr. Henry",0,3,male,36.0,0,0,7.4958,S,Third,man,True,,Southampton,no,True
"Gordon, Mr. Harold",1,3,male,20.0,1,0,7.925,S,Third,man,True,,Southampton,yes,False
"Gordon, Mr. Harold",0,2,male,32.0,2,0,73.5,S,Second,man,True,,Southampton,no,False
"Kelly, Mr. James",0,2,male,25.0,0,0,13.0,S,Second,man,True,,Southampton,no,True
"Taylor, Mr. Patrick",0,3,male,,0,0,7.775,S,Third,man,True,,Southampton,no,True
"Andrews, Mr. Joseph",0,3,male,43.0,0,0,8.05,S,Third,man,True,,Southampton,no,True
"Wilson, Miss. Edith",1,1,female,,1,0,52.0,S,First,woman,False,C,Southampton,yes,False
"Quinn, Mrs. Edith",1,2,female,40.0,1,1,39.0,S,Second,woman,False,,Southampton,yes,False
"Roberts, Mr. William",0,1,male,31.0,1,0,52.0,S,First,man,True,B,Southampton,no,False
"Young, Mr. William",0,2,male,70.0,0,0,10.5,S,Second,man,True,,Southampton,no,True
"Thompson, Mr. Robert",1,2,male,31.0,0,0,13.0,S,Second,man,True,,Southampton,yes,True
"Clark, Mr. Harold",0,2,male,,0,0,0.0,S,Second,man,True,,Southampton,no,True
"Gordon, Mr. John",0,3,male,18.0,0,0,7.775,S,Third,man,True,,Southampton,no,True
"Stewart, Mr. Charles",0,3,male,24.5,0,0,8.05,S,Third,man,True,,Southampton,no,True
"Smith, Miss. Bertha",1,3,female,18.0,0,0,9.8417,S,Third,woman,False,,Southampton,yes,True
"Phillips, Mrs. Emily",0,3,female,43.0,1,6,46.9,S,Third,woman,False,,Southampton,no,False
"Taylor, Mr. James",1,1,male,36.0,0,1,512.3292,C,First,man,True,B,Cherbourg,yes,False
"Kelly, Miss. Emily",0,3,female,,0,0,8.1375,Q,Third,woman,False,,Queenstown,no,True
"Taylor, Mr. Harold",1,1,male,27.0,0,0,76.7292,C,First,man,True,D,Cherbourg,yes,True
"Carter, Mr. Patrick",0,3,male,20.0,0,0,9.225,S,Third,man,True,,Southampton,no,True
"Taylor, Master. William",0,3,male,14.0,5,2,46.9,S,Third,child,False,,Southampton,no,False
"Wilson, Mr. Samuel",0,2,male,60.0,1,1,39.0,S,Second,man,True,,Southampton,no,False
"Phillips, Mr. John",0,2,male,25.0,1,2,41.5792,C,Second,man,True,,Cherbourg,no,False
"Harris, Master. Samuel",0,3,male,14.0,4,1,39.6875,S,Third,child,False,,Southampton,no,False
"Stewart, Mr. Harold",0,3,male,19.0,0,0,10.1708,S,Third,man,True,,Southampton,no,True
"Phillips, Mr. George",0,3,male,18.0,0,0,7.7958,S,Third,man,True,,Southampton,no,True
"McCarthy, Miss. Elizabeth",1,1,female,15.0,0,1,211.3375,S,First,child,False,B,Southampton,yes,False
"Jones, Mr. Henry",1,1,male,31.0,1,0,57.0,S,First,man,True,B,Southampton,yes,False
"Fitzgerald, Miss. Catherine",1,3,female,4.0,0,1,13.4167,C,Third,child,False,,Cherbourg,yes,False
"Smith, Mr. Frank",1,3,male,,0,0,56.4958,S,Third,man,True,,Southampton,yes,True
"Quinn, Mr. John",0,3,male,25.0,0,0,7.225,C,Third,man,True,,Cherbourg,no,True
"Lewis, Mr. John",0,1,male,60.0,0,0,26.55,S,First,man,True,,Southampton,no,True
"Quinn, Mr. Samuel",0,2,male,52.0,0,0,13.5,S,Second,man,True,,Southampton,no,True
"Evans, Mr. James",0,3,male,44.0,0,0,8.05,S,Third,man,True,,Southampton,no,True
"Allen, Miss. Elizabeth",1,3,female,,0,0,7.7333,Q,Third,woman,False,,Queenstown,yes,True
"Harris, Mr. Thomas",0,1,male,49.0,1,1,110.8833,C,First,man,True,C,Cherbourg,no,False
"Thompson, Mr. Henry",0,3,male,42.0,0,0,7.65,S,Third,man,True,F,Southampton,no,True
"Young, Miss. Sarah",1,1,female,18.0,1,0,227.525,C,First,woman,False,C,Cherbourg,yes,False
"Davies, Mr. Charles",1,1,male,35.0,0,0,26.2875,S,First,man,True,E,Southampton,yes,True
"Young, Mrs. Elizabeth",0,3,female,18.0,0,1,14.4542,C,Third,woman,False,,Cherbourg,no,False
"Smith, Mr. Thomas",0,3,male,25.0,0,0,7.7417,Q,Third,man,True,,Queenstown,no,True
"Nelson, Mr. Thomas",0,3,male,26.0,1,0,7.8542,S,Third,man,True,,Southampton,no,False
"Phillips, Mr. Samuel",0,2,male,39.0,0,0,26.0,S,Second,man,True,,Southampton,no,True
"Brown, Miss. Edith",1,2,female,45.0,0,0,13.5,S,Second,woman,False,,Southampton,yes,True
"Wilson, Mr. Robert",1,1,male,42.0,0,0,26.2875,S,First,man,True,E,Southampton,yes,True
"Fitzgerald, Miss. Alice",1,1,female,22.0,0,0,151.55,S,First,woman,False,,Southampton,yes,True
"Young, Mr. Patrick",1,3,male,,1,1,15.2458,C,Third,man,True,,Cherbourg,yes,False
"Davies, Miss. Anna",1,1,female,24.0,0,0,49.5042,C,First,woman,False,C,Cherbourg,yes,True
"White, Mr. William",0,1,male,,0,0,26.55,S,First,man,True,C,Southampton,no,True
"Lewis, Mr. Frank",1,1,male,48.0,1,0,52.0,S,First,man,True,C,Southampton,yes,False
"Lewis, Mr. Arthur",0,3,male,29.0,0,0,9.4833,S,Third,man,True,,Southampton,no,True
"Thompson, Mr. John",0,2,male,52.0,0,0,13.0,S,Second,man,True,,Southampton,no,True
"Walsh, Mr. Harold",0,3,male,19.0,0,0,7.65,S,Third,man,True,F,Southampton,no,True
"Walsh, Miss. Sarah",1,1,female,38.0,0,0,227.525,C,First,woman,False,C,Cherbourg,yes,True
"Andrews, Miss. Margaret",1,2,female,27.0,0,0,10.5,S,Second,woman,False,E,Southampton,yes,True
"Allen, Mr. Patrick",0,3,male,,0,0,15.5,Q,Third,man,True,,Queenstown,no,True
"Taylor, Mr. Harold",0,3,male,33.0,0,0,7.775,S,Third,man,True,,Southampton,no,True
"Nelson, Miss. Alice",1,2,female,6.0,0,1,33.0,S,Second,child,False,,Southampton,yes,False
"Thompson, Mr. William",0,3,male,17.0,1,0,7.0542,S,Third,man,True,,Southampton,no,False
"Fitzgerald, Mr. John",0,2,male,34.0,0,0,13.0,S,Second,man,True,,Southampton,no,True
"Nelson, Mr. William",0,2,male,50.0,0,0,13.0,S,Second,man,True,,Southampton,no,True
"Davies, Mr. John",1,1,male,27.0,1,0,53.1,S,First,man,True,E,Southampton,yes,False
"Gordon, Mr. George",0,3,male,20.0,0,0,8.6625,S,Third,man,True,,Southampton,no,True
"White, Miss. Hannah",1,2,female,30.0,3,0,21.0,S,Second,woman,False,,Southampton,yes,False
"White, Miss. Alice",1,3,female,,0,0,7.7375,Q,Third,woman,False,,Queenstown,yes,True
"Carter, Mr. Samuel",0,2,male,25.0,1,0,26.0,S,Second,man,True,,Southampton,no,False
"Clark, Miss. Catherine",0,3,female,25.0,1,0,7.925,S,Third,woman,False,,Southampton,no,False
"Bird, Miss. Mary",1,1,female,29.0,0,0,211.3375,S,First,woman,False,B,Southampton,yes,True
"Thompson, Master. Samuel",0,3,male,11.0,0,0,18.7875,C,Third,child,False,,Cherbourg,no,True
"Davis, Mr. Robert",0,2,male,,0,0,0.0,S,Second,man,True,,Southampton,no,True
"Clark, Mr. Samuel",0,2,male,23.0,0,0,13.0,S,Second,man,True,,Southampton,no,True
"Clark, Mr. Harold",0,2,male,23.0,0,0,13.0,S,Second,man,True,,Southampton,no,True
"Stewart, Mr. John",0,3,male,28.5,0,0,16.1,S,Third,man,True,,Southampton,no,True
"Phillips, Mrs. Helen",0,3,female,48.0,1,3,34.375,S,Third,woman,False,,Southampton,no,False
"Gordon, Mr. Charles",1,1,male,35.0,0,0,512.3292,C,First,man,True,B,Cherbourg,yes,True
"Evans, Mr. Harold",0,3,male,,0,0,7.8958,S,Third,man,True,,Southampton,no,True
"Phillips, Mr. Thomas",0,3,male,,0,0,7.8958,S,Third,man,True,,Southampton,no,True
"Clark, Mr. James",1,1,male,,0,0,30.0,S,First,man,True,D,Southampton,yes,True
"Fitzgerald, Mr. Thomas",0,1,male,36.0,1,0,78.85,S,First,man,True,C,Southampton,no,False
"White, Mrs. Alice",1,1,female,21.0,2,2,262.375,C,First,woman,False,B,Cherbourg,yes,False
"Walsh, Mr. Thomas",0,3,male,24.0,1,0,16.1,S,Third,man,True,,Southampton,no,False
"Taylor, Mr. Charles",1,3,male,31.0,0,0,7.925,S,Third,man,True,,Southampton,yes,True
"Young, Mr. Robert",0,1,male,70.0,1,1,71.0,S,First,man,True,B,Southampton,no,False
"Kelly, Mr. Henry",0,3,male,16.0,1,1,20.25,S,Third,man,True,,Southampton,no,False
"Davis, Miss. Alice",1,2,female,30.0,0,0,13.0,S,Second,woman,False,,Southampton,yes,True
"Brown, Mr. William",0,1,male,19.0,1,0,53.1,S,First,man,True,D,Southampton,no,False
"Roberts, Mr. Edward",0,3,male,31.0,0,0,7.75,Q,Third,man,True,,Queenstown,no,True
"Bird, Miss. Florence",1,2,female,4.0,1,1,23.0,S,Second,child,False,,Southampton,yes,False
"Clark, Master. Frank",1,3,male,6.0,0,1,12.475,S,Third,child,False,E,Southampton,yes,False
"Jones, Mr. Arthur",0,3,male,33.0,0,0,9.5,S,Third,man,True,,Southampton,no,True
"Kelly, Mr. Samuel",0,3,male,23.0,0,0,7.8958,S,Third,man,True,,Southampton,no,True
"Carter, Mrs. Ruth",1,2,female,48.0,1,2,65.0,S,Second,woman,False,,Southampton,yes,False
"Stewart, Master. Edward",1,2,male,0.67,1,1,14.5,S,Second,child,False,,Southampton,yes,False
"Brown, Mr. Charles",0,3,male,28.0,0,0,7.7958,S,Third,man,True,,Southampton,no,True
"Allen, Mr. Joseph",0,2,male,18.0,0,0,11.5,S,Second,man,True,,Southampton,no,True
"Taylor, Mr. William",0,3,male,34.0,0,0,8.05,S,Third,man,True,,Southampton,no,True
"Fitzgerald, Miss. Hannah",1,1,female,33.0,0,0,86.5,S,First,woman,False,B,Southampton,yes,True
"Thompson, Mr. Walter",0,3,male,,0,0,14.5,S,Third,man,True,,Southampton,no,True
"Clark, Mr. Frank",0,3,male,41.0,0,0,7.125,S,Third,man,True,,Southampton,no,True
"Walsh, Mr. Thomas",1,3,male,20.0,0,0,7.2292,C,Third,man,True,,Cherbourg,yes,True
"Harris, Mrs. Bridget",1,1,female,36.0,1,2,120.0,S,First,woman,False,B,Southampton,yes,False
"Allen, Mr. Charles",0,3,male,16.0,0,0,7.775,S,Third,man,True,,Southampton,no,True
"Clark, Miss. Bertha",1,1,female,51.0,1,0,77.9583,S,First,woman,False,D,Southampton,yes,False
"Phillips, Mr. Thomas",0,1,male,,0,0,39.6,C,First,man,True,,Cherbourg,no,True
"Davis, Miss. Margaret",0,3,female,30.5,0,0,7.75,Q,Third,woman,False,,Queenstown,no,True
"Clark, Mr. Charles",0,3,male,,1,0,24.15,Q,Third,man,True,,Queenstown,no,False
"Davis, Mr. Robert",0,3,male,32.0,0,0,8.3625,S,Third,man,True,,Southampton,no,True
"McCarthy, Mr. Samuel",0,3,male,24.0,0,0,9.5,S,Third,man,True,,Southampton,no,True
"Bird, Mr. Samuel",0,3,male,48.0,0,0,7.8542,S,Third,man,True,,Southampton,no,True
"Allen, Miss. Catherine",0,2,female,57.0,0,0,10.5,S,Second,woman,False,E,Southampton,no,True
"Thompson, Mr. Joseph",0,3,male,,0,0,7.225,C,Third,man,True,,Cherbourg,no,True
"Martin, Mrs. Florence",1,2,female,54.0,1,3,23.0,S,Second,woman,False,,Southampton,yes,False
"Smith, Mr. Edward",0,3,male,18.0,0,0,7.75,S,Third,man,True,,Southampton,no,True
"Thompson, Mr. Edward",0,3,male,,0,0,7.75,Q,Third,man,True,F,Queenstown,no,True
"Evans, Miss. Sarah",1,3,female,5.0,0,0,12.475,S,Third,child,False,,Southampton,yes,True
"Nelson, Mr. Henry",0,3,male,,0,0,7.7375,Q,Third,man,True,,Queenstown,no,True
"Quinn, Mrs. Edith",1,1,female,43.0,0,1,211.3375,S,First,woman,False,B,Southampton,yes,False
"Taylor, Miss. Edith",1,3,female,13.0,0,0,7.2292,C,Third,child,False,,Cherbourg,yes,True
"Stewart, Miss. Catherine",1,1,female,17.0,1,0,57.0,S,First,woman,False,B,Southampton,yes,False
"Harris, Mr. John",0,1,male,29.0,0,0,30.0,S,First,man,True,D,Southampton,no,True
"Gordon, Mr. James",0,3,male,,1,2,23.45,S,Third,man,True,,Southampton,no,False
"Taylor, Mr. Robert",0,3,male,25.0,0,0,7.05,S,Third,man,True,,Southampton,no,True
"McCarthy, Mr. Walter",0,3,male,25.0,0,0,7.25,S,Third,man,True,,Southampton,no,True
"Young, Miss. Bertha",1,3,female,18.0,0,0,7.4958,S,Third,woman,False,,Southampton,yes,True
"Lewis, Master. Walter",0,3,male,8.0,4,1,29.125,Q,Third,child,False,,Queenstown,no,False
"Quinn, Master. Frank",1,3,male,1.0,1,2,20.575,S,Third,child,False,,Southampton,yes,False
"Roberts, Mr. Harold",0,1,male,46.0,0,0,79.2,C,First,man,True,B,Cherbourg,no,True
"O'Brien, Mr. John",0,3,male,,0,0,7.75,Q,Third,man,True,,Queenstown,no,True
"Carter, Mr. Patrick",0,2,male,16.0,0,0,26.0,S,Second,man,True,,Southampton,no,True
"Clark, Mrs. Elizabeth",0,3,female,,8,2,69.55,S,Third,woman,False,,Southampton,no,False
"Clark, Mr. Joseph",0,1,male,,0,0,30.6958,C,First,man,True,,Cherbourg,no,True
"Roberts, Mr. Walter",0,3,male,25.0,0,0,7.8958,S,Third,man,True,,Southampton,no,True
"Bird, Mr. Patrick",0,2,male,39.0,0,0,13.0,S,Second,man,True,,Southampton,no,True
"Davies, Miss. Catherine",1,1,female,49.0,0,0,25.9292,S,First,woman,False,D,Southampton,yes,True
"Phillips, Miss. Ruth",1,3,female,31.0,0,0,8.6833,S,Third,woman,False,,Southampton,yes,True
"Bird, Mr. Thomas",0,3,male,30.0,0,0,7.2292,C,Third,man,True,,Cherbourg,no,True
"Taylor, Mrs. Ruth",0,3,female,30.0,1,1,24.15,S,Third,woman,False,,Southampton,no,False
"Nelson, Mr. Samuel",0,2,male,34.0,0,0,13.0,S,Second,man,True,,Southampton,no,True
"Quinn, Mrs. Ruth",1,2,female,31.0,1,1,26.25,S,Second,woman,False,,Southampton,yes,False
"Smith, Master. William",1,1,male,11.0,1,2,120.0,S,First,child,False,B,Southampton,yes,False
"Allen, Master. Arthur",1,3,male,0.42,0,1,8.5167,C,Third,child,False,,Cherbourg,yes,False
"Brown, Mr. John",1,3,male,27.0,0,0,6.975,S,Third,man,True,,Southampton,yes,True
"Fitzgerald, Mr. Charles",0,3,male,31.0,0,0,7.775,S,Third,man,True,,Southampton,no,True
"Walsh, Mr. Robert",0,1,male,39.0,0,0,0.0,S,First,man,True,A,Southampton,no,True
"Kelly, Miss. Margaret",0,3,female,18.0,0,0,7.775,S,Third,woman,False,,Southampton,no,True
"Martin, Mr. Henry",0,2,male,39.0,0,0,13.0,S,Second,man,True,,Southampton,no,True
"Lewis, Miss. Ruth",1,1,female,33.0,1,0,53.1,S,First,woman,False,E,Southampton,yes,False
"Stewart, Mr. Thomas",0,3,male,26.0,0,0,7.8875,S,Third,man,True,,Southampton,no,True
"Davies, Mr. Arthur",0,3,male,39.0,0,0,24.15,S,Third,man,True,,Southampton,no,True
"Jones, Mr. Thomas",0,2,male,35.0,0,0,10.5,S,Second,man,True,,Southampton,no,True
"Young, Miss. Bridget",0,3,female,6.0,4,2,31.275,S,Third,child,False,,Southampton,no,False
"Carter, Mr. Edward",0,3,male,30.5,0,0,8.05,S,Third,man,True,,Southampton,no,True
"Smith, Mr. Charles",0,1,male,,0,0,0.0,S,First,man,True,B,Southampton,no,True
"Stewart, Miss. Alice",0,3,female,23.0,0,0,7.925,S,Third,woman,False,,Southampton,no,True
"Evans, Mr. Frank",0,2,male,31.0,1,1,37.0042,C,Second,man,True,,Cherbourg,no,False
"Taylor, Mr. Patrick",0,3,male,43.0,0,0,6.45,S,Third,man,True,,Southampton,no,True
"Brown, Master. Charles",0,3,male,10.0,3,2,27.9,S,Third,child,False,,Southampton,no,False
"Phillips, Mrs. Margaret",1,1,female,52.0,1,1,93.5,S,First,woman,False,B,Southampton,yes,False
"Nelson, Mr. Walter",1,3,male,27.0,0,0,8.6625,S,Third,man,True,,Southampton,yes,True
"Davies, Mr. Patrick",0,1,male,38.0,0,0,0.0,S,First,man,True,,Southampton,no,True
"McCarthy, Mrs. Anna",1,3,female,27.0,0,1,12.475,S,Third,woman,False,E,Southampton,yes,False
"Brown, Master. Arthur",0,3,male,2.0,4,1,39.6875,S,Third,child,False,,Southampton,no,False
"Andrews, Mr. Frank",0,3,male,,0,0,6.95,Q,Third,man,True,,Queenstown,no,True
"Phillips, Mr. Arthur",0,3,male,,0,0,56.4958,S,Third,man,True,,Southampton,no,True
"Gordon, Master. Arthur",1,2,male,1.0,0,2,37.0042,C,Second,child,False,,Cherbourg,yes,False
"Brown, Mr. Thomas",1,3,male,,0,0,7.75,Q,Third,man,True,,Queenstown,yes,True
"Quinn, Miss. Mary",1,1,female,62.0,0,0,80.0,,First,woman,False,B,,yes,True
"Kelly, Miss. Margaret",1,3,female,15.0,1,0,14.4542,C,Third,child,False,,Cherbourg,yes,False
"White, Master. George",1,2,male,0.83,1,1,18.75,S,Second,child,False,,Southampton,yes,False
"Thompson, Mr. Charles",0,3,male,,0,0,7.2292,C,Third,man,True,,Cherbourg,no,True
"Gordon, Mr. Thomas",0,3,male,23.0,0,0,7.8542,S,Third,man,True,,Southampton,no,True
"Davis, Mr. John",0,3,male,18.0,0,0,8.3,S,Third,man,True,,Southampton,no,True
"Clark, Mrs. Mary",1,1,female,39.0,1,1,83.1583,C,First,woman,False,E,Cherbourg,yes,False
"Young, Mr. Samuel",0,3,male,21.0,0,0,8.6625,S,Third,man,True,,Southampton,no,True
"O'Brien, Mr. Walter",0,3,male,,0,0,8.05,S,Third,man,True,,Southampton,no,True
"Clark, Mr. Frank",1,3,male,32.0,0,0,56.4958,S,Third,man,True,,Southampton,yes,True
"Allen, Mr. Walter",1,1,male,,0,0,29.7,C,First,man,True,C,Cherbourg,yes,True
"Brown, Mr. Charles",0,3,male,20.0,0,0,7.925,S,Third,man,True,,Southampton,no,True
"Bird, Mr. Edward",0,2,male,16.0,0,0,10.5,S,Second,man,True,,Southampton,no,True
"Bird, Miss. Margaret",1,1,female,30.0,0,0,31.0,C,First,woman,False,,Cherbourg,yes,True
"Roberts, Mr. George",0,3,male,34.5,0,0,6.4375,C,Third,man,True,,Cherbourg,no,True
"Carter, Mr. Charles",0,3,male,17.0,0,0,8.6625,S,Third,man,True,,Southampton,no,True
"Thompson, Mr. James",0,3,male,42.0,0,0,7.55,S,Third,man,True,,Southampton,no,True
"Young, Mr. Frank",0,3,male,,8,2,69.55,S,Third,man,True,,Southampton,no,False
"Brown, Mr. Walter",0,3,male,35.0,0,0,7.8958,C,Third,man,True,,Cherbourg,no,True
"O'Brien, Mr. Harold",0,2,male,28.0,0,1,33.0,S,Second,man,True,,Southampton,no,False
"Gordon, Miss. Margaret",1,1,female,,1,0,89.1042,C,First,woman,False,C,Cherbourg,yes,False
"Bird, Master. John",0,3,male,4.0,4,2,31.275,S,Third,child,False,,Southampton,no,False
"Stewart, Mr. George",0,3,male,74.0,0,0,7.775,S,Third,man,True,,Southampton,no,True
"Clark, Miss. Emily",0,3,female,9.0,1,1,15.2458,C,Third,child,False,,Cherbourg,no,False
"Stewart, Mrs. Emily",1,1,female,16.0,0,1,39.4,S,First,woman,False,D,Southampton,yes,False
"Fitzgerald, Miss. Bridget",0,2,female,44.0,1,0,26.0,S,Second,woman,False,,Southampton,no,False
"Wilson, Mrs. Alice",1,3,female,18.0,0,1,9.35,S,Third,woman,False,,Southampton,yes,False
"Nelson, Mrs. Elizabeth",1,1,female,45.0,1,1,164.8667,S,First,woman,False,,Southampton,yes,False
"Walsh, Mr. William",1,1,male,51.0,0,0,26.55,S,First,man,True,E,Southampton,yes,True
"Davis, Mrs. Mary",1,3,female,24.0,0,3,19.2583,C,Third,woman,False,,Cherbourg,yes,False
"Quinn, Mr. George",0,3,male,,0,0,7.2292,C,Third,man,True,,Cherbourg,no,True
"Phillips, Mr. Joseph",0,3,male,41.0,2,0,14.1083,S,Third,man,True,,Southampton,no,False
"Lewis, Mr. Harold",0,2,male,21.0,1,0,11.5,S,Second,man,True,,Southampton,no,False
"Wilson, Miss. Bridget",1,1,female,48.0,0,0,25.9292,S,First,woman,False,D,Southampton,yes,True
"Allen, Mrs. Sarah",0,3,female,,8,2,69.55,S,Third,woman,False,,Southampton,no,False
"Gordon, Mr. Samuel",0,2,male,24.0,0,0,13.0,S,Second,man,True,,Southampton,no,True
"Davies, Miss. Elizabeth",1,2,female,42.0,0,0,13.0,S,Second,woman,False,,Southampton,yes,True
"Davies, Miss. Sarah",1,2,female,27.0,1,0,13.8583,C,Second,woman,False,,Cherbourg,yes,False
"McCarthy, Mr. Walter",0,1,male,31.0,0,0,50.4958,S,First,man,True,A,Southampton,no,True
"Roberts, Mr. William",0,3,male,,0,0,9.5,S,Third,man,True,,Southampton,no,True
"O'Brien, Master. Edward",1,3,male,4.0,1,1,11.1333,S,Third,child,False,,Southampton,yes,False
"Wilson, Mr. Harold",0,3,male,26.0,0,0,7.8958,S,Third,man,True,,Southampton,no,True
"Davies, Mrs. Emily",1,1,female,47.0,1,1,52.5542,S,First,woman,False,D,Southampton,yes,False
"Thompson, Mr. Henry",0,1,male,33.0,0,0,5.0,S,First,man,True,B,Southampton,no,True
"Phillips, Mr. William",0,3,male,47.0,0,0,9.0,S,Third,man,True,,Southampton,no,True
"Nelson, Miss. Helen",1,2,female,28.0,1,0,24.0,C,Second,woman,False,,Cherbourg,yes,False
"Harris, Miss. Ruth",1,3,female,15.0,0,0,7.225,C,Third,child,False,,Cherbourg,yes,True
"Allen, Mr. Arthur",0,3,male,20.0,0,0,9.8458,S,Third,man,True,,Southampton,no,True
"Nelson, Mr. John",0,3,male,19.0,0,0,7.8958,S,Third,man,True,,Southampton,no,True
"Brown, Mr. Joseph",0,3,male,,0,0,7.8958,S,Third,man,True,,Southampton,no,True
"Wilson, Mrs. Helen",1,1,female,56.0,0,1,83.1583,C,First,woman,False,C,Cherbourg,yes,False
"Kelly, Mrs. Mary",1,2,female,25.0,0,1,26.0,S,Second,woman,False,,Southampton,yes,False
"Smith, Mr. Edward",0,3,male,33.0,0,0,7.8958,S,Third,man,True,,Southampton,no,True
"Fitzgerald, Miss. Mary",0,3,female,22.0,0,0,10.5167,S,Third,woman,False,,Southampton,no,True
"Fitzgerald, Mr. William",0,2,male,28.0,0,0,10.5,S,Second,man,True,,Southampton,no,True
"Stewart, Mr. William",0,3,male,25.0,0,0,7.05,S,Third,man,True,,Southampton,no,True
"White, Mrs. Alice",0,3,female,39.0,0,5,29.125,Q,Third,woman,False,,Queenstown,no,False
"White, Mr. William",0,2,male,27.0,0,0,13.0,S,Second,man,True,,Southampton,no,True
"Roberts, Miss. Edith",1,1,female,19.0,0,0,30.0,S,First,woman,False,B,Southampton,yes,True
"White, Mrs. Hannah",0,3,female,,1,2,23.45,S,Third,woman,False,,Southampton,no,False
"Harris, Mr. Joseph",1,1,male,26.0,0,0,30.0,C,First,man,True,C,Cherbourg,yes,True
"Allen, Mr. Harold",0,3,male,32.0,0,0,7.75,Q,Third,man,True,,Queenstown,no,True
